country,year,iso_code,population,gdp,cement_co2,cement_co2_per_capita,co2,co2_growth_abs,co2_growth_prct,co2_including_luc,co2_including_luc_growth_abs,co2_including_luc_growth_prct,co2_including_luc_per_capita,co2_including_luc_per_gdp,co2_including_luc_per_unit_energy,co2_per_capita,co2_per_gdp,co2_per_unit_energy,coal_co2,coal_co2_per_capita,consumption_co2,consumption_co2_per_capita,consumption_co2_per_gdp,cumulative_cement_co2,cumulative_co2,cumulative_co2_including_luc,cumulative_coal_co2,cumulative_flaring_co2,cumulative_gas_co2,cumulative_luc_co2,cumulative_oil_co2,cumulative_other_co2,energy_per_capita,energy_per_gdp,flaring_co2,flaring_co2_per_capita,gas_co2,gas_co2_per_capita,ghg_excluding_lucf_per_capita,ghg_per_capita,land_use_change_co2,land_use_change_co2_per_capita,methane,methane_per_capita,nitrous_oxide,nitrous_oxide_per_capita,oil_co2,oil_co2_per_capita,other_co2_per_capita,other_industry_co2,primary_energy_consumption,share_global_cement_co2,share_global_co2,share_global_co2_including_luc,share_global_coal_co2,share_global_cumulative_cement_co2,share_global_cumulative_co2,share_global_cumulative_co2_including_luc,share_global_cumulative_coal_co2,share_global_cumulative_flaring_co2,share_global_cumulative_gas_co2,share_global_cumulative_luc_co2,share_global_cumulative_oil_co2,share_global_cumulative_other_co2,share_global_flaring_co2,share_global_gas_co2,share_global_luc_co2,share_global_oil_co2,share_global_other_co2,share_of_temperature_change_from_ghg,temperature_change_from_ch4,temperature_change_from_co2,temperature_change_from_ghg,temperature_change_from_n2o,total_ghg,total_ghg_excluding_lucf,trade_co2,trade_co2_share
Afghanistan,1750,AFG,2802560.0,,0.0,0.0,,,,,,,,,,,,,,,,,,0.0,,,,,,,,,,,,,,,,,,,,,,,,,,,,,,,,,,,,,,,,,,,,,,,,,,,,,,
Afghanistan,1751,AFG,,,0.0,,,,,,,,,,,,,,,,,,,0.0,,,,,,,,,,,,,,,,,,,,,,,,,,,,,,,,,,,,,,,,,,,,,,,,,,,,,,
Afghanistan,1752,AFG,,,0.0,,,,,,,,,,,,,,,,,,,0.0,,,,,,,,,,,,,,,,,,,,,,,,,,,,,,,,,,,,,,,,,,,,,,,,,,,,,,
Afghanistan,1753,AFG,,,0.0,,,,,,,,,,,,,,,,,,,0.0,,,,,,,,,,,,,,,,,,,,,,,,,,,,,,,,,,,,,,,,,,,,,,,,,,,,,,
Afghanistan,1754,AFG,,,0.0,,,,,,,,,,,,,,,,,,,0.0,,,,,,,,,,,,,,,,,,,,,,,,,,,,,,,,,,,,,,,,,,,,,,,,,,,,,,
Afghanistan,1755,AFG,,,0.0,,,,,,,,,,,,,,,,,,,0.0,,,,,,,,,,,,,,,,,,,,,,,,,,,,,,,,,,,,,,,,,,,,,,,,,,,,,,
Afghanistan,1756,AFG,,,0.0,,,,,,,,,,,,,,,,,,,0.0,,,,,,,,,,,,,,,,,,,,,,,,,,,,,,,,,,,,,,,,,,,,,,,,,,,,,,
Afghanistan,1757,AFG,,,0.0,,,,,,,,,,,,,,,,,,,0.0,,,,,,,,,,,,,,,,,,,,,,,,,,,,,,,,,,,,,,,,,,,,,,,,,,,,,,
Afghanistan,1758,AFG,,,0.0,,,,,,,,,,,,,,,,,,,0.0,,,,,,,,,,,,,,,,,,,,,,,,,,,,,,,,,,,,,,,,,,,,,,,,,,,,,,
Afghanistan,1759,AFG,,,0.0,,,,,,,,,,,,,,,,,,,0.0,,,,,,,,,,,,,,,,,,,,,,,,,,,,,,,,,,,,,,,,,,,,,,,,,,,,,,
Afghanistan,1760,AFG,2866255.0,,0.0,0.0,,,,,,,,,,,,,,,,,,0.0,,,,,,,,,,,,,,,,,,,,,,,,,,,,,,,,,,,,,,,,,,,,,,,,,,,,,,
Afghanistan,1761,AFG,,,0.0,,,,,,,,,,,,,,,,,,,0.0,,,,,,,,,,,,,,,,,,,,,,,,,,,,,,,,,,,,,,,,,,,,,,,,,,,,,,
Afghanistan,1762,AFG,,,0.0,,,,,,,,,,,,,,,,,,,0.0,,,,,,,,,,,,,,,,,,,,,,,,,,,,,,,,,,,,,,,,,,,,,,,,,,,,,,
Afghanistan,1763,AFG,,,0.0,,,,,,,,,,,,,,,,,,,0.0,,,,,,,,,,,,,,,,,,,,,,,,,,,,,,,,,,,,,,,,,,,,,,,,,,,,,,
Afghanistan,1764,AFG,,,0.0,,,,,,,,,,,,,,,,,,,0.0,,,,,,,,,,,,,,,,,,,,,,,,,,,,,,,,,,,,,,,,,,,,,,,,,,,,,,
Afghanistan,1765,AFG,,,0.0,,,,,,,,,,,,,,,,,,,0.0,,,,,,,,,,,,,,,,,,,,,,,,,,,,,,,,,,,,,,,,,,,,,,,,,,,,,,
Afghanistan,1766,AFG,,,0.0,,,,,,,,,,,,,,,,,,,0.0,,,,,,,,,,,,,,,,,,,,,,,,,,,,,,,,,,,,,,,,,,,,,,,,,,,,,,
Afghanistan,1767,AFG,,,0.0,,,,,,,,,,,,,,,,,,,0.0,,,,,,,,,,,,,,,,,,,,,,,,,,,,,,,,,,,,,,,,,,,,,,,,,,,,,,
Afghanistan,1768,AFG,,,0.0,,,,,,,,,,,,,,,,,,,0.0,,,,,,,,,,,,,,,,,,,,,,,,,,,,,,,,,,,,,,,,,,,,,,,,,,,,,,
Afghanistan,1769,AFG,,,0.0,,,,,,,,,,,,,,,,,,,0.0,,,,,,,,,,,,,,,,,,,,,,,,,,,,,,,,,,,,,,,,,,,,,,,,,,,,,,
Afghanistan,1770,AFG,2931397.0,,0.0,0.0,,,,,,,,,,,,,,,,,,0.0,,,,,,,,,,,,,,,,,,,,,,,,,,,,,,,,,,,,,,,,,,,,,,,,,,,,,,
Afghanistan,1771,AFG,,,0.0,,,,,,,,,,,,,,,,,,,0.0,,,,,,,,,,,,,,,,,,,,,,,,,,,,,,,,,,,,,,,,,,,,,,,,,,,,,,
Afghanistan,1772,AFG,,,0.0,,,,,,,,,,,,,,,,,,,0.0,,,,,,,,,,,,,,,,,,,,,,,,,,,,,,,,,,,,,,,,,,,,,,,,,,,,,,
Afghanistan,1773,AFG,,,0.0,,,,,,,,,,,,,,,,,,,0.0,,,,,,,,,,,,,,,,,,,,,,,,,,,,,,,,,,,,,,,,,,,,,,,,,,,,,,
Afghanistan,1774,AFG,,,0.0,,,,,,,,,,,,,,,,,,,0.0,,,,,,,,,,,,,,,,,,,,,,,,,,,,,,,,,,,,,,,,,,,,,,,,,,,,,,
Afghanistan,1775,AFG,,,0.0,,,,,,,,,,,,,,,,,,,0.0,,,,,,,,,,,,,,,,,,,,,,,,,,,,,,,,,,,,,,,,,,,,,,,,,,,,,,
Afghanistan,1776,AFG,,,0.0,,,,,,,,,,,,,,,,,,,0.0,,,,,,,,,,,,,,,,,,,,,,,,,,,,,,,,,,,,,,,,,,,,,,,,,,,,,,
Afghanistan,1777,AFG,,,0.0,,,,,,,,,,,,,,,,,,,0.0,,,,,,,,,,,,,,,,,,,,,,,,,,,,,,,,,,,,,,,,,,,,,,,,,,,,,,
Afghanistan,1778,AFG,,,0.0,,,,,,,,,,,,,,,,,,,0.0,,,,,,,,,,,,,,,,,,,,,,,,,,,,,,,,,,,,,,,,,,,,,,,,,,,,,,
Afghanistan,1779,AFG,,,0.0,,,,,,,,,,,,,,,,,,,0.0,,,,,,,,,,,,,,,,,,,,,,,,,,,,,,,,,,,,,,,,,,,,,,,,,,,,,,
Afghanistan,1780,AFG,2998019.0,,0.0,0.0,,,,,,,,,,,,,,,,,,0.0,,,,,,,,,,,,,,,,,,,,,,,,,,,,,,,,,,,,,,,,,,,,,,,,,,,,,,
Afghanistan,1781,AFG,,,0.0,,,,,,,,,,,,,,,,,,,0.0,,,,,,,,,,,,,,,,,,,,,,,,,,,,,,,,,,,,,,,,,,,,,,,,,,,,,,
Afghanistan,1782,AFG,,,0.0,,,,,,,,,,,,,,,,,,,0.0,,,,,,,,,,,,,,,,,,,,,,,,,,,,,,,,,,,,,,,,,,,,,,,,,,,,,,
Afghanistan,1783,AFG,,,0.0,,,,,,,,,,,,,,,,,,,0.0,,,,,,,,,,,,,,,,,,,,,,,,,,,,,,,,,,,,,,,,,,,,,,,,,,,,,,
Afghanistan,1784,AFG,,,0.0,,,,,,,,,,,,,,,,,,,0.0,,,,,,,,,,,,,,,,,,,,,,,,,,,,,,,,,,,,,,,,,,,,,,,,,,,,,,
Afghanistan,1785,AFG,,,0.0,,,,,,,,,,,,,,,,,,,0.0,,,,,,,,,,,,,,,,,,,,,,,,,,,,,,,,,,,,,,,,,,,,,,,,,,,,,,
Afghanistan,1786,AFG,,,0.0,,,,,,,,,,,,,,,,,,,0.0,,,,,,,,,,,,,,,,,,,,,,,,,,,,,,,,,,,,,,,,,,,,,,,,,,,,,,
Afghanistan,1787,AFG,,,0.0,,,,,,,,,,,,,,,,,,,0.0,,,,,,,,,,,,,,,,,,,,,,,,,,,,,,,,,,,,,,,,,,,,,,,,,,,,,,
Afghanistan,1788,AFG,,,0.0,,,,,,,,,,,,,,,,,,,0.0,,,,,,,,,,,,,,,,,,,,,,,,,,,,,,,,,,,,,,,,,,,,,,,,,,,,,,
Afghanistan,1789,AFG,,,0.0,,,,,,,,,,,,,,,,,,,0.0,,,,,,,,,,,,,,,,,,,,,,,,,,,,,,,,,,,,,,,,,,,,,,,,,,,,,,
Afghanistan,1790,AFG,3066156.0,,0.0,0.0,,,,,,,,,,,,,,,,,,0.0,,,,,,,,,,,,,,,,,,,,,,,,,,,,,,,,,,,,,,,,,,,,,,,,,,,,,,
Afghanistan,1791,AFG,,,0.0,,,,,,,,,,,,,,,,,,,0.0,,,,,,,,,,,,,,,,,,,,,,,,,,,,,,,,,,,,,,,,,,,,,,,,,,,,,,
Afghanistan,1792,AFG,,,0.0,,,,,,,,,,,,,,,,,,,0.0,,,,,,,,,,,,,,,,,,,,,,,,,,,,,,,,,,,,,,,,,,,,,,,,,,,,,,
Afghanistan,1793,AFG,,,0.0,,,,,,,,,,,,,,,,,,,0.0,,,,,,,,,,,,,,,,,,,,,,,,,,,,,,,,,,,,,,,,,,,,,,,,,,,,,,
Afghanistan,1794,AFG,,,0.0,,,,,,,,,,,,,,,,,,,0.0,,,,,,,,,,,,,,,,,,,,,,,,,,,,,,,,,,,,,,,,,,,,,,,,,,,,,,
Afghanistan,1795,AFG,,,0.0,,,,,,,,,,,,,,,,,,,0.0,,,,,,,,,,,,,,,,,,,,,,,,,,,,,,,,,,,,,,,,,,,,,,,,,,,,,,
Afghanistan,1796,AFG,,,0.0,,,,,,,,,,,,,,,,,,,0.0,,,,,,,,,,,,,,,,,,,,,,,,,,,,,,,,,,,,,,,,,,,,,,,,,,,,,,
Afghanistan,1797,AFG,,,0.0,,,,,,,,,,,,,,,,,,,0.0,,,,,,,,,,,,,,,,,,,,,,,,,,,,,,,,,,,,,,,,,,,,,,,,,,,,,,
Afghanistan,1798,AFG,,,0.0,,,,,,,,,,,,,,,,,,,0.0,,,,,,,,,,,,,,,,,,,,,,,,,,,,,,,,,,,,,,,,,,,,,,,,,,,,,,
Afghanistan,1799,AFG,,,0.0,,,,,,,,,,,,,,,,,,,0.0,,,,,,,,,,,,,,,,,,,,,,,,,,,,,,,,,,,,,,,,,,,,,,,,,,,,,,
Afghanistan,1800,AFG,3280000.0,,0.0,0.0,,,,,,,,,,,,,,,,,,0.0,,,,,,,,,,,,,,,,,,,,,,,,,,,,,,,,,,,,,,,,,,,,,,,,,,,,,,
Afghanistan,1801,AFG,3280000.0,,0.0,0.0,,,,,,,,,,,,,,,,,,0.0,,,,,,,,,,,,,,,,,,,,,,,,,,,,,,,,,,,,,,,,,,,,,,,,,,,,,,
Afghanistan,1802,AFG,3280000.0,,0.0,0.0,,,,,,,,,,,,,,,,,,0.0,,,,,,,,,,,,,,,,,,,,,,,,,,,,,,,,,,,,,,,,,,,,,,,,,,,,,,
Afghanistan,1803,AFG,3280000.0,,0.0,0.0,,,,,,,,,,,,,,,,,,0.0,,,,,,,,,,,,,,,,,,,,,,,,,,,,,,,,,,,,,,,,,,,,,,,,,,,,,,
Afghanistan,1804,AFG,3280000.0,,0.0,0.0,,,,,,,,,,,,,,,,,,0.0,,,,,,,,,,,,,,,,,,,,,,,,,,,,,,,,,,,,,,,,,,,,,,,,,,,,,,
Afghanistan,1805,AFG,3280000.0,,0.0,0.0,,,,,,,,,,,,,,,,,,0.0,,,,,,,,,,,,,,,,,,,,,,,,,,,,,,,,,,,,,,,,,,,,,,,,,,,,,,
Afghanistan,1806,AFG,3280000.0,,0.0,0.0,,,,,,,,,,,,,,,,,,0.0,,,,,,,,,,,,,,,,,,,,,,,,,,,,,,,,,,,,,,,,,,,,,,,,,,,,,,
Afghanistan,1807,AFG,3280000.0,,0.0,0.0,,,,,,,,,,,,,,,,,,0.0,,,,,,,,,,,,,,,,,,,,,,,,,,,,,,,,,,,,,,,,,,,,,,,,,,,,,,
Afghanistan,1808,AFG,3280000.0,,0.0,0.0,,,,,,,,,,,,,,,,,,0.0,,,,,,,,,,,,,,,,,,,,,,,,,,,,,,,,,,,,,,,,,,,,,,,,,,,,,,
Afghanistan,1809,AFG,3280000.0,,0.0,0.0,,,,,,,,,,,,,,,,,,0.0,,,,,,,,,,,,,,,,,,,,,,,,,,,,,,,,,,,,,,,,,,,,,,,,,,,,,,
Afghanistan,1810,AFG,3280000.0,,0.0,0.0,,,,,,,,,,,,,,,,,,0.0,,,,,,,,,,,,,,,,,,,,,,,,,,,,,,,,,,,,,,,,,,,,,,,,,,,,,,
Afghanistan,1811,AFG,3280000.0,,0.0,0.0,,,,,,,,,,,,,,,,,,0.0,,,,,,,,,,,,,,,,,,,,,,,,,,,,,,,,,,,,,,,,,,,,,,,,,,,,,,
Afghanistan,1812,AFG,3280000.0,,0.0,0.0,,,,,,,,,,,,,,,,,,0.0,,,,,,,,,,,,,,,,,,,,,,,,,,,,,,,,,,,,,,,,,,,,,,,,,,,,,,
Afghanistan,1813,AFG,3280000.0,,0.0,0.0,,,,,,,,,,,,,,,,,,0.0,,,,,,,,,,,,,,,,,,,,,,,,,,,,,,,,,,,,,,,,,,,,,,,,,,,,,,
Afghanistan,1814,AFG,3280000.0,,0.0,0.0,,,,,,,,,,,,,,,,,,0.0,,,,,,,,,,,,,,,,,,,,,,,,,,,,,,,,,,,,,,,,,,,,,,,,,,,,,,
Afghanistan,1815,AFG,3280000.0,,0.0,0.0,,,,,,,,,,,,,,,,,,0.0,,,,,,,,,,,,,,,,,,,,,,,,,,,,,,,,,,,,,,,,,,,,,,,,,,,,,,
Afghanistan,1816,AFG,3280000.0,,0.0,0.0,,,,,,,,,,,,,,,,,,0.0,,,,,,,,,,,,,,,,,,,,,,,,,,,,,,,,,,,,,,,,,,,,,,,,,,,,,,
Afghanistan,1817,AFG,3280000.0,,0.0,0.0,,,,,,,,,,,,,,,,,,0.0,,,,,,,,,,,,,,,,,,,,,,,,,,,,,,,,,,,,,,,,,,,,,,,,,,,,,,
Afghanistan,1818,AFG,3280000.0,,0.0,0.0,,,,,,,,,,,,,,,,,,0.0,,,,,,,,,,,,,,,,,,,,,,,,,,,,,,,,,,,,,,,,,,,,,,,,,,,,,,
Afghanistan,1819,AFG,3282935.0,,0.0,0.0,,,,,,,,,,,,,,,,,,0.0,,,,,,,,,,,,,,,,,,,,,,,,,,,,,,,,,,,,,,,,,,,,,,,,,,,,,,
Afghanistan,1820,AFG,3288817.0,,0.0,0.0,,,,,,,,,,,,,,,,,,0.0,,,,,,,,,,,,,,,,,,,,,,,,,,,,,,,,,,,,,,,,,,,,,,,,,,,,,,
Afghanistan,1821,AFG,3297661.0,,0.0,0.0,,,,,,,,,,,,,,,,,,0.0,,,,,,,,,,,,,,,,,,,,,,,,,,,,,,,,,,,,,,,,,,,,,,,,,,,,,,
Afghanistan,1822,AFG,3309479.0,,0.0,0.0,,,,,,,,,,,,,,,,,,0.0,,,,,,,,,,,,,,,,,,,,,,,,,,,,,,,,,,,,,,,,,,,,,,,,,,,,,,
Afghanistan,1823,AFG,3324285.0,,0.0,0.0,,,,,,,,,,,,,,,,,,0.0,,,,,,,,,,,,,,,,,,,,,,,,,,,,,,,,,,,,,,,,,,,,,,,,,,,,,,
Afghanistan,1824,AFG,3339157.0,,0.0,0.0,,,,,,,,,,,,,,,,,,0.0,,,,,,,,,,,,,,,,,,,,,,,,,,,,,,,,,,,,,,,,,,,,,,,,,,,,,,
Afghanistan,1825,AFG,3354095.0,,0.0,0.0,,,,,,,,,,,,,,,,,,0.0,,,,,,,,,,,,,,,,,,,,,,,,,,,,,,,,,,,,,,,,,,,,,,,,,,,,,,
Afghanistan,1826,AFG,3369101.0,,0.0,0.0,,,,,,,,,,,,,,,,,,0.0,,,,,,,,,,,,,,,,,,,,,,,,,,,,,,,,,,,,,,,,,,,,,,,,,,,,,,
Afghanistan,1827,AFG,3384173.0,,0.0,0.0,,,,,,,,,,,,,,,,,,0.0,,,,,,,,,,,,,,,,,,,,,,,,,,,,,,,,,,,,,,,,,,,,,,,,,,,,,,
Afghanistan,1828,AFG,3399313.0,,0.0,0.0,,,,,,,,,,,,,,,,,,0.0,,,,,,,,,,,,,,,,,,,,,,,,,,,,,,,,,,,,,,,,,,,,,,,,,,,,,,
Afghanistan,1829,AFG,3414520.0,,0.0,0.0,,,,,,,,,,,,,,,,,,0.0,,,,,,,,,,,,,,,,,,,,,,,,,,,,,,,,,,,,,,,,,,,,,,,,,,,,,,
Afghanistan,1830,AFG,3429796.0,,0.0,0.0,,,,,,,,,,,,,,,,,,0.0,,,,,,,,,,,,,,,,,,,,,,,,,,,,,,,,,,,,,,,,,,,,,,,,,,,,,,
Afghanistan,1831,AFG,3445140.0,,0.0,0.0,,,,,,,,,,,,,,,,,,0.0,,,,,,,,,,,,,,,,,,,,,,,,,,,,,,,,,,,,,,,,,,,,,,,,,,,,,,
Afghanistan,1832,AFG,3460553.0,,0.0,0.0,,,,,,,,,,,,,,,,,,0.0,,,,,,,,,,,,,,,,,,,,,,,,,,,,,,,,,,,,,,,,,,,,,,,,,,,,,,
Afghanistan,1833,AFG,3476034.0,,0.0,0.0,,,,,,,,,,,,,,,,,,0.0,,,,,,,,,,,,,,,,,,,,,,,,,,,,,,,,,,,,,,,,,,,,,,,,,,,,,,
Afghanistan,1834,AFG,3491585.0,,0.0,0.0,,,,,,,,,,,,,,,,,,0.0,,,,,,,,,,,,,,,,,,,,,,,,,,,,,,,,,,,,,,,,,,,,,,,,,,,,,,
Afghanistan,1835,AFG,3507205.0,,0.0,0.0,,,,,,,,,,,,,,,,,,0.0,,,,,,,,,,,,,,,,,,,,,,,,,,,,,,,,,,,,,,,,,,,,,,,,,,,,,,
Afghanistan,1836,AFG,3522896.0,,0.0,0.0,,,,,,,,,,,,,,,,,,0.0,,,,,,,,,,,,,,,,,,,,,,,,,,,,,,,,,,,,,,,,,,,,,,,,,,,,,,
Afghanistan,1837,AFG,3538656.0,,0.0,0.0,,,,,,,,,,,,,,,,,,0.0,,,,,,,,,,,,,,,,,,,,,,,,,,,,,,,,,,,,,,,,,,,,,,,,,,,,,,
Afghanistan,1838,AFG,3554487.0,,0.0,0.0,,,,,,,,,,,,,,,,,,0.0,,,,,,,,,,,,,,,,,,,,,,,,,,,,,,,,,,,,,,,,,,,,,,,,,,,,,,
Afghanistan,1839,AFG,3570389.0,,0.0,0.0,,,,,,,,,,,,,,,,,,0.0,,,,,,,,,,,,,,,,,,,,,,,,,,,,,,,,,,,,,,,,,,,,,,,,,,,,,,
Afghanistan,1840,AFG,3586362.0,,0.0,0.0,,,,,,,,,,,,,,,,,,0.0,,,,,,,,,,,,,,,,,,,,,,,,,,,,,,,,,,,,,,,,,,,,,,,,,,,,,,
Afghanistan,1841,AFG,3602406.0,,0.0,0.0,,,,,,,,,,,,,,,,,,0.0,,,,,,,,,,,,,,,,,,,,,,,,,,,,,,,,,,,,,,,,,,,,,,,,,,,,,,
Afghanistan,1842,AFG,3618522.0,,0.0,0.0,,,,,,,,,,,,,,,,,,0.0,,,,,,,,,,,,,,,,,,,,,,,,,,,,,,,,,,,,,,,,,,,,,,,,,,,,,,
Afghanistan,1843,AFG,3634711.0,,0.0,0.0,,,,,,,,,,,,,,,,,,0.0,,,,,,,,,,,,,,,,,,,,,,,,,,,,,,,,,,,,,,,,,,,,,,,,,,,,,,
Afghanistan,1844,AFG,3650971.0,,0.0,0.0,,,,,,,,,,,,,,,,,,0.0,,,,,,,,,,,,,,,,,,,,,,,,,,,,,,,,,,,,,,,,,,,,,,,,,,,,,,
Afghanistan,1845,AFG,3667305.0,,0.0,0.0,,,,,,,,,,,,,,,,,,0.0,,,,,,,,,,,,,,,,,,,,,,,,,,,,,,,,,,,,,,,,,,,,,,,,,,,,,,
Afghanistan,1846,AFG,3683711.0,,0.0,0.0,,,,,,,,,,,,,,,,,,0.0,,,,,,,,,,,,,,,,,,,,,,,,,,,,,,,,,,,,,,,,,,,,,,,,,,,,,,
Afghanistan,1847,AFG,3700191.0,,0.0,0.0,,,,,,,,,,,,,,,,,,0.0,,,,,,,,,,,,,,,,,,,,,,,,,,,,,,,,,,,,,,,,,,,,,,,,,,,,,,
Afghanistan,1848,AFG,3716745.0,,0.0,0.0,,,,,,,,,,,,,,,,,,0.0,,,,,,,,,,,,,,,,,,,,,,,,,,,,,,,,,,,,,,,,,,,,,,,,,,,,,,
Afghanistan,1849,AFG,3734342.0,,0.0,0.0,,,,,,,,,,,,,,,,,,0.0,,,,,,,,,,,,,,,,,,,,,,,,,,,,,,,,,,,,,,,,,,,,,,,,,,,,,,
Afghanistan,1850,AFG,3752993.0,,0.0,0.0,,,,,,,,,,,,,,,,,,0.0,,,,,,2.827,,,,,,,,,0.168,2.01,2.827,0.753,3.595,0.958,0.223,0.06,,,,,,,,,,,,,,,,0.104,,,,,0.104,,,,,,,,7.545,0.629,,
Afghanistan,1851,AFG,3767956.0,,0.0,0.0,,,,,,,,,,,,,,,,,,0.0,,,,,,5.676,,,,,,,,,0.168,2.019,2.849,0.756,3.615,0.959,0.228,0.061,,,,,,,,,,,,,,,,0.103,,,,,0.101,,,0.158,0.0,0.0,0.0,0.0,7.608,0.633,,
Afghanistan,1852,AFG,3783940.0,,0.0,0.0,,,,,,,,,,,,,,,,,,0.0,,,,,,8.544,,,,,,,,,0.168,2.027,2.868,0.758,3.635,0.961,0.233,0.061,,,,,,,,,,,,,,,,0.101,,,,,0.098,,,0.157,0.0,0.0,0.0,0.0,7.668,0.637,,
Afghanistan,1853,AFG,3800954.0,,0.0,0.0,,,,,,,,,,,,,,,,,,0.0,,,,,,11.429,,,,,,,,,0.168,2.033,2.885,0.759,3.656,0.962,0.237,0.062,,,,,,,,,,,,,,,,0.1,,,,,0.098,,,0.157,0.0,0.0,0.0,0.0,7.728,0.64,,
Afghanistan,1854,AFG,3818038.0,,0.0,0.0,,,,,,,,,,,,,,,,,,0.0,,,,,,14.329,,,,,,,,,0.169,2.039,2.9,0.76,3.676,0.963,0.241,0.063,,,,,,,,,,,,,,,,0.1,,,,,0.097,,,0.156,0.0,0.0,0.0,0.0,7.786,0.644,,
Afghanistan,1855,AFG,3835192.0,,0.0,0.0,,,,,,,,,,,,,,,,,,0.0,,,,,,17.242,,,,,,,,,0.169,2.045,2.913,0.76,3.696,0.964,0.245,0.064,,,,,,,,,,,,,,,,0.099,,,,,0.096,,,0.155,0.0,0.0,0.0,0.0,7.843,0.648,,
Afghanistan,1856,AFG,3852417.0,,0.0,0.0,,,,,,,,,,,,,,,,,,0.0,,,,,,20.167,,,,,,,,,0.169,2.05,2.925,0.759,3.716,0.965,0.248,0.064,,,,,,,,,,,,,,,,0.099,,,,,0.096,,,0.155,0.0,0.0,0.0,0.0,7.897,0.652,,
Afghanistan,1857,AFG,3869714.0,,0.0,0.0,,,,,,,,,,,,,,,,,,0.0,,,,,,23.103,,,,,,,,,0.169,2.055,2.936,0.759,3.736,0.966,0.251,0.065,,,,,,,,,,,,,,,,0.098,,,,,0.095,,,0.154,0.0,0.0,0.0,0.0,7.951,0.656,,
Afghanistan,1858,AFG,3887081.0,,0.0,0.0,,,,,,,,,,,,,,,,,,0.0,,,,,,26.048,,,,,,,,,0.17,2.059,2.945,0.758,3.757,0.966,0.253,0.065,,,,,,,,,,,,,,,,0.098,,,,,0.095,,,0.154,0.0,0.0,0.0,0.0,8.004,0.659,,
Afghanistan,1859,AFG,3904521.0,,0.0,0.0,,,,,,,,,,,,,,,,,,0.0,,,,,,29.001,,,,,,,,,0.17,2.063,2.953,0.756,3.777,0.967,0.255,0.065,,,,,,,,,,,,,,,,0.097,,,,,0.094,,,0.154,0.0,0.0,0.0,0.0,8.055,0.663,,
Afghanistan,1860,AFG,3922032.0,,0.0,0.0,,,,,,,,,,,,,,,,,,0.0,,,,,,31.993,,,,,,,,,0.17,2.071,2.991,0.763,3.797,0.968,0.256,0.065,,,,,,,,,,,,,,,,0.098,,,,,0.103,,,0.154,0.0,0.0,0.0,0.0,8.122,0.667,,
Afghanistan,1861,AFG,3939616.0,,0.0,0.0,,,,,,,,,,,,,,,,,,0.0,,,,,,34.997,,,,,,,,,0.17,2.076,3.004,0.762,3.819,0.969,0.256,0.065,,,,,,,,,,,,,,,,0.099,,,,,0.109,,,0.155,0.0,0.0,0.0,0.0,8.179,0.671,,
Afghanistan,1862,AFG,3957271.0,,0.0,0.0,,,,,,,,,,,,,,,,,,0.0,,,,,,38.008,,,,,,,,,0.171,2.08,3.012,0.761,3.84,0.97,0.257,0.065,,,,,,,,,,,,,,,,0.1,,,,,0.112,,,0.156,0.0,0.0,0.0,0.0,8.229,0.675,,
Afghanistan,1863,AFG,3975000.0,,0.0,0.0,,,,,,,,,,,,,,,,,,0.0,,,,,,41.027,,,,,,,,,0.171,2.082,3.018,0.759,3.861,0.971,0.257,0.065,,,,,,,,,,,,,,,,0.101,,,,,0.113,,,0.157,0.0,0.0,0.0,0.0,8.278,0.679,,
Afghanistan,1864,AFG,3992801.0,,0.0,0.0,,,,,,,,,,,,,,,,,,0.0,,,,,,44.051,,,,,,,,,0.171,2.085,3.024,0.757,3.883,0.972,0.257,0.064,,,,,,,,,,,,,,,,0.101,,,,,0.113,,,0.158,0.0,0.0,0.0,0.0,8.325,0.683,,
Afghanistan,1865,AFG,4010675.0,,0.0,0.0,,,,,,,,,,,,,,,,,,0.0,,,,,,47.08,,,,,,,,,0.171,2.087,3.03,0.755,3.904,0.973,0.257,0.064,,,,,,,,,,,,,,,,0.102,,,,,0.116,,,0.159,0.0,0.0,0.0,0.0,8.37,0.687,,
Afghanistan,1866,AFG,4028623.0,,0.0,0.0,,,,,,,,,,,,,,,,,,0.0,,,,,,50.115,,,,,,,,,0.171,2.089,3.035,0.753,3.925,0.974,0.257,0.064,,,,,,,,,,,,,,,,0.103,,,,,0.116,,,0.16,0.0,0.0,0.0,0.0,8.415,0.691,,
Afghanistan,1867,AFG,4046645.0,,0.0,0.0,,,,,,,,,,,,,,,,,,0.0,,,,,,53.154,,,,,,,,,0.172,2.09,3.039,0.751,3.947,0.975,0.258,0.064,,,,,,,,,,,,,,,,0.104,,,,,0.118,,,0.16,0.0,0.0,0.0,0.0,8.459,0.695,,
Afghanistan,1868,AFG,4064740.0,,0.0,0.0,,,,,,,,,,,,,,,,,,0.0,,,,,,56.198,,,,,,,,,0.172,2.092,3.043,0.749,3.968,0.976,0.258,0.063,,,,,,,,,,,,,,,,0.104,,,,,0.119,,,0.161,0.0,0.0,0.0,0.0,8.502,0.699,,
Afghanistan,1869,AFG,4082915.0,,0.0,0.0,,,,,,,,,,,,,,,,,,0.0,,,,,,59.245,,,,,,,,,0.172,2.093,3.047,0.746,3.99,0.977,0.258,0.063,,,,,,,,,,,,,,,,0.105,,,,,0.119,,,0.161,0.0,0.0,0.0,0.0,8.545,0.703,,
Afghanistan,1870,AFG,4101170.0,,0.0,0.0,,,,,,,,,,,,,,,,,,0.0,,,,,,62.578,,,,,,,,,0.174,2.151,3.332,0.813,4.016,0.979,0.259,0.063,,,,,,,,,,,,,,,,0.105,,,,,0.114,,,0.161,0.0,0.0,0.0,0.0,8.823,0.712,,
Afghanistan,1871,AFG,4119504.0,,0.0,0.0,,,,,,,,,,,,,,,,,,0.0,,,,,,66.101,,,,,,,,,0.174,2.197,3.523,0.855,4.045,0.982,0.263,0.064,,,,,,,,,,,,,,,,0.106,,,,,0.118,,,0.162,0.0,0.0,0.0,0.0,9.05,0.717,,
Afghanistan,1872,AFG,4137920.0,,0.0,0.0,,,,,,,,,,,,,,,,,,0.0,,,,,,69.754,,,,,,,,,0.175,2.228,3.654,0.883,4.073,0.984,0.274,0.066,,,,,,,,,,,,,,,,0.107,,,,,0.116,,,0.161,0.0,0.0,0.0,0.0,9.22,0.722,,
Afghanistan,1873,AFG,4156416.0,,0.0,0.0,,,,,,,,,,,,,,,,,,0.0,,,,,,73.502,,,,,,,,,0.175,2.252,3.748,0.902,4.102,0.987,0.29,0.07,,,,,,,,,,,,,,,,0.107,,,,,0.117,,,0.161,0.0,0.0,0.0,0.0,9.362,0.728,,
Afghanistan,1874,AFG,4174988.0,,0.0,0.0,,,,,,,,,,,,,,,,,,0.0,,,,,,77.323,,,,,,,,,0.176,2.274,3.821,0.915,4.131,0.989,0.309,0.074,,,,,,,,,,,,,,,,0.107,,,,,0.115,,,0.161,0.0,0.0,0.0,0.0,9.493,0.733,,
Afghanistan,1875,AFG,4193635.0,,0.0,0.0,,,,,,,,,,,,,,,,,,0.0,,,,,,81.202,,,,,,,,,0.176,2.293,3.879,0.925,4.16,0.992,0.331,0.079,,,,,,,,,,,,,,,,0.108,,,,,0.116,,,0.161,0.0,0.0,0.0,0.0,9.617,0.739,,
Afghanistan,1876,AFG,4212359.0,,0.0,0.0,,,,,,,,,,,,,,,,,,0.0,,,,,,85.13,,,,,,,,,0.177,2.311,3.928,0.933,4.188,0.994,0.352,0.084,,,,,,,,,,,,,,,,0.108,,,,,0.116,,,0.161,0.0,0.0,0.0,0.0,9.736,0.744,,
Afghanistan,1877,AFG,4231159.0,,0.0,0.0,,,,,,,,,,,,,,,,,,0.0,,,,,,89.1,,,,,,,,,0.177,2.327,3.97,0.938,4.217,0.997,0.373,0.088,,,,,,,,,,,,,,,,0.108,,,,,0.114,,,0.16,0.0,0.0,0.0,0.0,9.847,0.75,,
Afghanistan,1878,AFG,4250036.0,,0.0,0.0,,,,,,,,,,,,,,,,,,0.0,,,,,,93.107,,,,,,,,,0.178,2.342,4.007,0.943,4.246,0.999,0.392,0.092,,,,,,,,,,,,,,,,0.109,,,,,0.113,,,0.16,0.0,0.0,0.0,0.0,9.953,0.755,,
Afghanistan,1879,AFG,4268990.0,,0.0,0.0,,,,,,,,,,,,,,,,,,0.0,,,,,,97.146,,,,,,,,,0.178,2.354,4.039,0.946,4.274,1.001,0.406,0.095,,,,,,,,,,,,,,,,0.109,,,,,0.113,,,0.16,0.0,0.0,0.0,0.0,10.049,0.761,,
Afghanistan,1880,AFG,4288021.0,,0.0,0.0,,,,,,,,,,,,,,,,,,0.0,,,,,,101.468,,,,,,,,,0.179,2.416,4.321,1.008,4.303,1.003,0.414,0.097,,,,,,0.0,,,,0.0,,,,,,0.109,,,,,0.119,,,0.16,0.0,0.0,0.0,0.0,10.359,0.766,,
Afghanistan,1881,AFG,4307129.0,,0.0,0.0,,,,,,,,,,,,,,,,,,0.0,,,,,,105.989,,,,,,,,,0.179,2.463,4.521,1.05,4.339,1.007,0.419,0.097,,,,,,0.0,,,,0.0,,,,,,0.11,,,,,0.125,,,0.16,0.0,0.0,0.0,0.0,10.607,0.773,,
Afghanistan,1882,AFG,4326316.0,,0.0,0.0,,,,,,,,,,,,,,,,,,0.0,,,,,,110.652,,,,,,,,,0.18,2.494,4.664,1.078,4.375,1.011,0.423,0.098,,,,,,0.0,,,,0.0,,,,,,0.11,,,,,0.127,,,0.159,0.0,0.0,0.0,0.0,10.791,0.779,,
Afghanistan,1883,AFG,4345580.0,,0.0,0.0,,,,,,,,,,,,,,,,,,0.0,,,,,,115.424,,,,,,,,,0.181,2.519,4.772,1.098,4.411,1.015,0.427,0.098,,,,,,0.0,,,,0.0,,,,,,0.111,,,,,0.127,,,0.159,0.0,0.0,0.0,0.0,10.948,0.785,,
Afghanistan,1884,AFG,4364922.0,,0.0,0.0,,,,,,,,,,,,,,,,,,0.0,,,,,,120.282,,,,,,,,,0.181,2.541,4.857,1.113,4.447,1.019,0.43,0.098,,,,,,0.0,,,,0.0,,,,,,0.112,,,,,0.13,,,0.159,0.0,0.0,0.0,0.0,11.091,0.792,,
Afghanistan,1885,AFG,4384343.0,,0.0,0.0,,,,,,,,,,,,,,,,,,0.0,,,,,,125.21,,,,,,,,,0.182,2.558,4.928,1.124,4.483,1.022,0.433,0.099,,,,,,0.0,,,,0.0,,,,,,0.112,,,,,0.131,,,0.159,0.0,0.0,0.0,0.0,11.217,0.798,,
Afghanistan,1886,AFG,4403843.0,,0.0,0.0,,,,,,,,,,,,,,,,,,0.0,,,,,,130.198,,,,,,,,,0.183,2.574,4.988,1.133,4.518,1.026,0.435,0.099,,,,,,0.0,,,,0.0,,,,,,0.113,,,,,0.133,,,0.159,0.0,0.0,0.0,0.0,11.336,0.805,,
Afghanistan,1887,AFG,4423422.0,,0.0,0.0,,,,,,,,,,,,,,,,,,0.0,,,,,,135.238,,,,,,,,,0.183,2.588,5.04,1.139,4.554,1.03,0.438,0.099,,,,,,0.0,,,,0.0,,,,,,0.114,,,,,0.132,,,0.159,0.0,0.0,0.0,0.0,11.449,0.811,,
Afghanistan,1888,AFG,4443080.0,,0.0,0.0,,,,,,,,,,,,,,,,,,0.0,,,,,,140.323,,,,,,,,,0.184,2.601,5.086,1.145,4.59,1.033,0.44,0.099,,,,,,0.0,,,,0.0,,,,,,0.114,,,,,0.134,,,0.159,0.0,0.0,0.0,0.0,11.558,0.818,,
Afghanistan,1889,AFG,4462817.0,,0.0,0.0,,,,,,,,,,,,,,,,,,0.0,,,,,,145.45,,,,,,,,,0.185,2.613,5.126,1.149,4.626,1.037,0.443,0.099,,,,,,0.0,,,,0.0,,,,,,0.115,,,,,0.134,,,0.159,0.0,0.0,0.0,0.0,11.662,0.824,,
Afghanistan,1890,AFG,4482635.0,,0.0,0.0,,,,,,,,,,,,,,,,,,0.0,,,,,,150.674,,,,,,,,,0.185,2.642,5.224,1.165,4.662,1.04,0.464,0.103,,,,,,0.0,,,,0.0,,,,,,0.115,,,,,0.127,,,0.159,0.0,0.0,0.0,0.0,11.843,0.831,,
Afghanistan,1891,AFG,4502532.0,,0.0,0.0,,,,,,,,,,,,,,,,,,0.0,,,,,,155.966,,,,,,,,,0.186,2.661,5.292,1.175,4.701,1.044,0.465,0.103,,,,,,0.0,,,,0.0,,,,,,0.116,,,,,0.126,,,0.158,0.0,0.0,0.0,0.0,11.98,0.838,,
Afghanistan,1892,AFG,4522510.0,,0.0,0.0,,,,,,,,,,,,,,,,,,0.0,,,,,,161.312,,,,,,,,,0.187,2.674,5.347,1.182,4.74,1.048,0.466,0.103,,,,,,0.0,,,,0.0,,,,,,0.116,,,,,0.128,,,0.158,0.0,0.0,0.0,0.0,12.094,0.845,,
Afghanistan,1893,AFG,4542568.0,,0.0,0.0,,,,,,,,,,,,,,,,,,0.0,,,,,,166.706,,,,,,,,,0.187,2.686,5.394,1.187,4.779,1.052,0.467,0.103,,,,,,0.0,,,,0.0,,,,,,0.116,,,,,0.128,,,0.158,0.0,0.0,0.0,0.0,12.201,0.852,,
Afghanistan,1894,AFG,4562708.0,,0.0,0.0,,,,,,,,,,,,,,,,,,0.0,,,,,,172.142,,,,,,,,,0.188,2.697,5.435,1.191,4.818,1.056,0.469,0.103,,,,,,0.0,,,,0.0,,,,,,0.117,,,,,0.126,,,0.158,0.0,0.0,0.0,0.0,12.304,0.859,,
Afghanistan,1895,AFG,4582928.0,,0.0,0.0,,,,,,,,,,,,,,,,,,0.0,,,,,,177.615,,,,,,,,,0.189,2.705,5.473,1.194,4.857,1.06,0.47,0.103,,,,,,0.0,,,,0.0,,,,,,0.117,,,,,0.128,,,0.157,0.0,0.0,0.0,0.0,12.396,0.866,,
Afghanistan,1896,AFG,4603230.0,,0.0,0.0,,,,,,,,,,,,,,,,,,0.0,,,,,,183.121,,,,,,,,,0.19,2.712,5.507,1.196,4.896,1.064,0.472,0.103,,,,,,0.0,,,,0.0,,,,,,0.117,,,,,0.128,,,0.157,0.0,0.0,0.0,0.0,12.485,0.873,,
Afghanistan,1897,AFG,4623613.0,,0.0,0.0,,,,,,,,,,,,,,,,,,0.0,,,,,,188.659,,,,,,,,,0.19,2.719,5.537,1.198,4.935,1.067,0.475,0.103,,,,,,0.0,,,,0.0,,,,,,0.117,,,,,0.127,,,0.157,0.0,0.0,0.0,0.0,12.572,0.88,,
Afghanistan,1898,AFG,4644079.0,,0.0,0.0,,,,,,,,,,,,,,,,,,0.0,,,,,,194.224,,,,,,,,,0.191,2.726,5.565,1.198,4.974,1.071,0.477,0.103,,,,,,0.0,,,,0.0,,,,,,0.118,,,,,0.127,,,0.156,0.0,0.0,0.0,0.0,12.658,0.887,,
Afghanistan,1899,AFG,4672084.0,,0.0,0.0,,,,,,,,,,,,,,,,,,0.0,,,,,,199.815,,,,,,,,,0.191,2.727,5.591,1.197,5.013,1.073,0.479,0.103,,,,,,0.0,,,,0.0,,,,,,0.118,,,,,0.126,,,0.156,0.0,0.0,0.0,0.0,12.741,0.894,,
Afghanistan,1900,AFG,4707744.0,,0.0,0.0,,,,,,,,,,,,,,,,,,0.0,,,,,,205.486,,,,,,,,,0.191,2.735,5.671,1.205,5.052,1.073,0.482,0.102,,,,,,0.0,,,,0.0,,,,,,0.118,,,,,0.127,,,0.155,0.0,0.0,0.0,0.0,12.876,0.901,,
Afghanistan,1901,AFG,4751177.0,,0.0,0.0,,,,,,,,,,,,,,,,,,0.0,,,,,,211.206,,,,,,,,,0.191,2.736,5.72,1.204,5.088,1.071,0.485,0.102,,,,,,0.0,,,,0.0,,,,,,0.118,,,,,0.125,,,0.155,0.0,0.0,0.0,0.0,13.001,0.909,,
Afghanistan,1902,AFG,4802500.0,,0.0,0.0,,,,,,,,,,,,,,,,,,0.0,,,,,,216.962,,,,,,,,,0.191,2.727,5.756,1.198,5.124,1.067,0.488,0.102,,,,,,0.0,,,,0.0,,,,,,0.118,,,,,0.124,,,0.154,0.0,0.0,0.0,0.0,13.095,0.917,,
Afghanistan,1903,AFG,4861833.0,,0.0,0.0,,,,,,,,,,,,,,,,,,0.0,,,,,,222.745,,,,,,,,,0.19,2.702,5.783,1.189,5.16,1.061,0.492,0.101,,,,,,0.0,,,,0.0,,,,,,0.119,,,,,0.124,,,0.154,0.0,0.0,0.0,0.0,13.136,0.924,,
Afghanistan,1904,AFG,4921891.0,,0.0,0.0,,,,,,,,,,,,,,,,,,0.0,,,,,,228.55,,,,,,,,,0.189,2.69,5.806,1.18,5.196,1.056,0.496,0.101,,,,,,0.0,,,,0.0,,,,,,0.119,,,,,0.122,,,0.153,0.0,0.0,0.0,0.0,13.238,0.932,,
Afghanistan,1905,AFG,4982681.0,,0.0,0.0,,,,,,,,,,,,,,,,,,0.0,,,,,,234.376,,,,,,,,,0.189,2.705,5.825,1.169,5.232,1.05,0.501,0.1,,,,,,0.0,,,,0.0,,,,,,0.119,,,,,0.121,,,0.152,0.0,0.0,0.0,0.0,13.479,0.94,,
Afghanistan,1906,AFG,5044212.0,,0.0,0.0,,,,,,,,,,,,,,,,,,0.0,,,,,,240.218,,,,,,,,,0.188,2.72,5.842,1.158,5.268,1.044,0.505,0.1,,,,,,0.0,,,,0.0,,,,,,0.119,,,,,0.12,,,0.152,0.0,0.0,0.0,0.0,13.721,0.948,,
Afghanistan,1907,AFG,5106495.0,,0.0,0.0,,,,,,,,,,,,,,,,,,0.0,,,,,,246.076,,,,,,,,,0.187,2.714,5.857,1.147,5.304,1.039,0.51,0.1,,,,,,0.0,,,,0.0,,,,,,0.119,,,,,0.12,,,0.151,0.0,0.0,0.0,0.0,13.86,0.956,,
Afghanistan,1908,AFG,5169536.0,,0.0,0.0,,,,,,,,,,,,,,,,,,0.0,,,,,,251.947,,,,,,,,,0.187,2.713,5.872,1.136,5.341,1.033,0.515,0.1,,,,,,0.0,,,,0.0,,,,,,0.119,,,,,0.119,,,0.15,0.0,0.0,0.0,0.0,14.025,0.964,,
Afghanistan,1909,AFG,5300178.0,,0.0,0.0,,,,,,,,,,,,,,,,,,0.0,,,,,,257.833,,,,,,,,,0.183,2.671,5.885,1.11,5.377,1.014,0.52,0.098,,,,,,0.0,,,,0.0,,,,,,0.119,,,,,0.118,,,0.15,0.0,0.0,0.0,0.0,14.158,0.972,,
Afghanistan,1910,AFG,5504191.0,,0.0,0.0,,,,,,,,,,,,,,,,,,0.0,,,,,,263.844,,,,,,,,,0.178,2.613,6.011,1.092,5.413,0.983,0.524,0.095,,,,,,0.0,,,,0.0,,,,,,0.119,,,,,0.125,,,0.149,0.0,0.0,0.0,0.0,14.38,0.981,,
Afghanistan,1911,AFG,5787792.0,,0.0,0.0,,,,,,,,,,,,,,,,,,0.0,,,,,,269.954,,,,,,,,,0.169,2.507,6.11,1.056,5.405,0.934,0.529,0.091,,,,,,0.0,,,,0.0,,,,,,0.119,,,,,0.128,,,0.148,0.0,0.0,0.0,0.0,14.512,0.98,,
Afghanistan,1912,AFG,6157669.0,,0.0,0.0,,,,,,,,,,,,,,,,,,0.0,,,,,,276.139,,,,,,,,,0.159,2.374,6.185,1.004,5.397,0.877,0.532,0.086,,,,,,0.0,,,,0.0,,,,,,0.119,,,,,0.133,,,0.148,0.0,0.0,0.0,0.0,14.62,0.978,,
Afghanistan,1913,AFG,6621025.0,,0.0,0.0,,,,,,,,,,,,,,,,,,0.0,,,,,,282.382,,,,,,,,,0.148,2.214,6.243,0.943,5.389,0.814,0.536,0.081,,,,,,0.0,,,,0.0,,,,,,0.12,,,,,0.135,,,0.147,0.0,0.0,0.0,0.0,14.662,0.977,,
Afghanistan,1914,AFG,7119235.0,,0.0,0.0,,,,,,,,,,,,,,,,,,0.0,,,,,,288.673,,,,,,,,,0.137,2.072,6.291,0.884,5.381,0.756,0.54,0.076,,,,,,0.0,,,,0.0,,,,,,0.12,,,,,0.136,,,0.146,0.0,0.0,0.0,0.0,14.752,0.976,,
Afghanistan,1915,AFG,7654918.0,,0.0,0.0,,,,,,,,,,,,,,,,,,0.0,,,,,,295.003,,,,,,,,,0.127,1.93,6.329,0.827,5.373,0.702,0.544,0.071,,,,,,0.0,,,,0.0,,,,,,0.12,,,,,0.139,,,0.146,0.0,0.0,0.0,0.0,14.776,0.974,,
Afghanistan,1916,AFG,8230894.0,,0.0,0.0,,,,,,,,,,,,,,,,,,0.0,,,,,,301.365,,,,,,,,,0.118,1.786,6.363,0.773,5.364,0.652,0.548,0.067,,,,,,0.0,,,,0.0,,,,,,0.121,,,,,0.14,,,0.145,0.0,0.0,0.0,0.0,14.697,0.973,,
Afghanistan,1917,AFG,8850190.0,,0.0,0.0,,,,,,,,,,,,,,,,,,0.0,,,,,,307.757,,,,,,,,,0.11,1.663,6.391,0.722,5.356,0.605,0.553,0.062,,,,,,0.0,,,,0.0,,,,,,0.121,,,,,0.143,,,0.144,0.0,0.0,0.0,0.0,14.717,0.972,,
Afghanistan,1918,AFG,9529174.0,,0.0,0.0,,,,,,,,,,,,,,,,,,0.0,,,,,,314.173,,,,,,,,,0.102,1.544,6.417,0.673,5.348,0.561,0.559,0.059,,,,,,0.0,,,,0.0,,,,,,0.122,,,,,0.145,,,0.144,0.0,0.0,0.0,0.0,14.716,0.971,,
Afghanistan,1919,AFG,9976355.0,,0.0,0.0,,,,,,,,,,,,,,,,,,0.0,,,,,,320.614,,,,,,,,,0.097,1.476,6.44,0.646,5.34,0.535,0.566,0.057,,,,,,0.0,,,,0.0,,,,,,0.122,,,,,0.147,,,0.143,0.0,0.0,0.0,0.0,14.728,0.969,,
Afghanistan,1920,AFG,10188845.0,,0.0,0.0,,,,,,,,,,,,,,,,,,0.0,,,,,,326.936,,,,,,,,,0.095,1.427,6.322,0.621,5.332,0.523,0.573,0.056,,,,,,0.0,,,,0.0,,,,,,0.122,,,,,0.132,,,0.142,0.0,0.0,0.0,0.0,14.536,0.968,,
Afghanistan,1921,AFG,10162753.0,,0.0,0.0,,,,,,,,,,,,,,,,,,0.0,,,,,,333.192,,,,,,,,,0.096,1.434,6.256,0.616,5.391,0.53,0.588,0.058,,,,,,0.0,,,,0.0,,,,,,0.122,,,,,0.125,,,0.142,0.0,0.0,0.0,0.0,14.576,0.977,,
Afghanistan,1922,AFG,9893152.0,,0.0,0.0,,,,,,,,,,,,,,,,,,0.0,,,,,,339.409,,,,,,,,,0.1,1.481,6.217,0.628,5.451,0.551,0.613,0.062,,,,,,0.0,,,,0.0,,,,,,0.122,,,,,0.123,,,0.141,0.0,0.0,0.0,0.0,14.654,0.988,,
Afghanistan,1923,AFG,9374030.0,,0.0,0.0,,,,,,,,,,,,,,,,,,0.0,,,,,,345.604,,,,,,,,,0.106,1.564,6.195,0.661,5.511,0.588,0.647,0.069,,,,,,0.0,,,,0.0,,,,,,0.122,,,,,0.12,,,0.14,0.0,0.0,0.0,0.0,14.659,0.998,,
Afghanistan,1924,AFG,8882148.0,,0.0,0.0,,,,,,,,,,,,,,,,,,0.0,,,,,,351.784,,,,,,,,,0.113,1.662,6.18,0.696,5.571,0.627,0.688,0.077,,,,,,0.0,,,,0.0,,,,,,0.122,,,,,0.121,,,0.139,0.0,0.0,0.0,0.0,14.764,1.008,,
Afghanistan,1925,AFG,8416077.0,,0.0,0.0,,,,,,,,,,,,,,,,,,0.0,,,,,,357.956,,,,,,,,,0.121,1.76,6.172,0.733,5.631,0.669,0.733,0.087,,,,,,0.0,,,,0.0,,,,,,0.122,,,,,0.118,,,0.139,0.0,0.0,0.0,0.0,14.812,1.018,,
Afghanistan,1926,AFG,7974462.0,,0.0,0.0,,,,,,,,,,,,,,,,,,0.0,,,,,,364.123,,,,,,,,,0.129,1.868,6.168,0.773,5.691,0.714,0.78,0.098,,,,,,0.0,,,,0.0,,,,,,0.122,,,,,0.117,,,0.138,0.0,0.0,0.0,0.0,14.898,1.029,,
Afghanistan,1927,AFG,7556019.0,,0.0,0.0,,,,,,,,,,,,,,,,,,0.0,,,,,,370.289,,,,,,,,,0.137,1.981,6.166,0.816,5.751,0.761,0.828,0.11,,,,,,0.0,,,,0.0,,,,,,0.122,,,,,0.117,,,0.137,0.0,0.0,0.0,0.0,14.971,1.039,,
Afghanistan,1928,AFG,7159534.0,,0.0,0.0,,,,,,,,,,,,,,,,,,0.0,,,,,,376.453,,,,,,,,,0.147,2.101,6.164,0.861,5.811,0.812,0.874,0.122,,,,,,0.0,,,,0.0,,,,,,0.122,,,,,0.116,,,0.136,0.0,0.0,0.0,0.0,15.041,1.049,,
Afghanistan,1929,AFG,6851115.0,,0.0,0.0,,,,,,,,,,,,,,,,,,0.0,,,,,,382.613,,,,,,,,,0.155,2.215,6.16,0.899,5.871,0.857,0.916,0.134,,,,,,0.0,,,,0.0,,,,,,0.122,,,,,0.114,,,0.136,0.0,0.0,0.0,0.0,15.178,1.059,,
Afghanistan,1930,AFG,6626142.0,,0.0,0.0,,,,,,,,,,,,,,,,,,0.0,,,,,,388.601,,,,,,,,,0.161,2.294,5.988,0.904,5.931,0.895,0.952,0.144,,,,,,0.0,,,,0.0,,,,,,0.121,,,,,0.11,,,0.135,0.0,0.0,0.0,0.0,15.199,1.069,,
Afghanistan,1931,AFG,6480237.0,,0.0,0.0,,,,,,,,,,,,,,,,,,0.0,,,,,,394.508,,,,,,,,,0.167,2.362,5.907,0.912,6.0,0.926,0.984,0.152,,,,,,0.0,,,,0.0,,,,,,0.121,,,,,0.107,,,0.135,0.0,0.0,0.0,0.0,15.309,1.081,,
Afghanistan,1932,AFG,6409250.0,,0.0,0.0,,,,,,,,,,,,,,,,,,0.0,,,,,,400.364,,,,,,,,,0.17,2.401,5.856,0.914,6.068,0.947,1.014,0.158,,,,,,0.0,,,,0.0,,,,,,0.121,,,,,0.105,,,0.134,0.0,0.0,0.0,0.0,15.386,1.093,,
Afghanistan,1933,AFG,6409250.0,,0.0,0.0,,,,,,,,,,,,,,,,,,0.0,,,,,,406.185,,,,,,,,,0.172,2.421,5.82,0.908,6.137,0.957,1.042,0.163,,,,,,0.0,,,,0.0,,,,,,0.121,,,,,0.105,,,0.134,0.0,0.0,0.0,0.0,15.516,1.104,,
Afghanistan,1934,AFG,6409250.0,,0.0,0.0,,,,,,,,,,,,,,,,,,0.0,,,,,,411.978,,,,,,,,,0.174,2.431,5.793,0.904,6.205,0.968,1.07,0.167,,,,,,0.0,,,,0.0,,,,,,0.12,,,,,0.104,,,0.134,0.0,0.0,0.0,0.0,15.583,1.116,,
Afghanistan,1935,AFG,6409250.0,,0.0,0.0,,,,,,,,,,,,,,,,,,0.0,,,,,,417.75,,,,,,,,,0.176,2.452,5.772,0.901,6.274,0.979,1.097,0.171,,,,,,0.0,,,,0.0,,,,,,0.12,,,,,0.105,,,0.133,0.0,0.0,0.0,0.0,15.715,1.127,,
Afghanistan,1936,AFG,6409250.0,,0.0,0.0,,,,,,,,,,,,,,,,,,0.0,,,,,,423.505,,,,,,,,,0.178,2.481,5.755,0.898,6.38,0.995,1.124,0.175,,,,,,0.0,,,,0.0,,,,,,0.12,,,,,0.102,,,0.133,0.0,0.0,0.0,0.0,15.902,1.139,,
Afghanistan,1937,AFG,6409250.0,,0.0,0.0,,,,,,,,,,,,,,,,,,0.0,,,,,,429.246,,,,,,,,,0.18,2.499,5.742,0.896,6.487,1.012,1.152,0.18,,,,,,0.0,,,,0.0,,,,,,0.12,,,,,0.102,,,0.133,0.0,0.0,0.0,0.0,16.019,1.151,,
Afghanistan,1938,AFG,6409250.0,,0.0,0.0,,,,,,,,,,,,,,,,,,0.0,,,,,,434.977,,,,,,,,,0.181,2.533,5.731,0.894,6.595,1.029,1.18,0.184,,,,,,0.0,,,,0.0,,,,,,0.119,,,,,0.101,,,0.132,0.0,0.0,0.0,0.0,16.235,1.163,,
Afghanistan,1939,AFG,6428903.0,,0.0,0.0,,,,,,,,,,,,,,,,,,0.0,,,,,,440.698,,,,,,,,,0.183,2.553,5.721,0.89,6.704,1.043,1.209,0.188,,,,,,0.0,,,,0.0,,,,,,0.119,,,,,0.102,,,0.132,0.0,0.0,0.0,0.0,16.412,1.174,,
Afghanistan,1940,AFG,6468510.0,,0.0,0.0,,,,,,,,,,,,,,,,,,0.0,,,,,,446.49,,,,,,,,,0.183,2.567,5.791,0.895,6.814,1.053,1.24,0.192,,,,,,0.0,,,,0.0,,,,,,0.119,,,,,0.101,,,0.132,0.0,0.0,0.0,0.0,16.604,1.186,,
Afghanistan,1941,AFG,6528377.0,,0.0,0.0,,,,,,,,,,,,,,,,,,0.0,,,,,,452.308,,,,,,,,,0.184,2.582,5.819,0.891,6.937,1.063,1.289,0.197,,,,,,0.0,,,,0.0,,,,,,0.118,,,,,0.099,,,0.132,0.0,0.0,0.0,0.0,16.855,1.202,,
Afghanistan,1942,AFG,6608815.0,,0.0,0.0,,,,,,,,,,,,,,,,,,0.0,,,,,,458.142,,,,,,,,,0.185,2.579,5.834,0.883,7.061,1.068,1.367,0.207,,,,,,0.0,,,,0.0,,,,,,0.118,,,,,0.099,,,0.131,0.0,0.0,0.0,0.0,17.042,1.219,,
Afghanistan,1943,AFG,6710138.0,,0.0,0.0,,,,,,,,,,,,,,,,,,0.0,,,,,,463.986,,,,,,,,,0.184,2.573,5.844,0.871,7.186,1.071,1.467,0.219,,,,,,0.0,,,,0.0,,,,,,0.118,,,,,0.099,,,0.131,0.0,0.0,0.0,0.0,17.262,1.237,,
Afghanistan,1944,AFG,6813016.0,,0.0,0.0,,,,,,,,,,,,,,,,,,0.0,,,,,,469.84,,,,,,,,,0.184,2.586,5.853,0.859,7.312,1.073,1.583,0.232,,,,,,0.0,,,,0.0,,,,,,0.118,,,,,0.1,,,0.131,0.0,0.0,0.0,0.0,17.618,1.255,,
Afghanistan,1945,AFG,6917471.0,,0.0,0.0,,,,,,,,,,,,,,,,,,0.0,,,,,,475.699,,,,,,,,,0.178,2.584,5.86,0.847,7.401,1.07,1.708,0.247,,,,,,0.0,,,,0.0,,,,,,0.117,,,,,0.1,,,0.131,0.0,0.0,0.0,0.0,17.873,1.235,,
Afghanistan,1946,AFG,7023527.0,,0.0,0.0,,,,,,,,,,,,,,,,,,0.0,,,,,,481.565,,,,,,,,,0.173,2.595,5.866,0.835,7.49,1.066,1.835,0.261,,,,,,0.0,,,,0.0,,,,,,0.117,,,,,0.101,,,0.131,0.0,0.0,0.0,0.0,18.224,1.213,,
Afghanistan,1947,AFG,7131209.0,,0.0,0.0,,,,,,,,,,,,,,,,,,0.0,,,,,,487.437,,,,,,,,,0.162,2.613,5.872,0.823,7.542,1.058,1.958,0.275,,,,,,0.0,,,,0.0,,,,,,0.117,,,,,0.102,,,0.131,0.0,0.0,0.001,0.0,18.635,1.155,,
Afghanistan,1948,AFG,7240542.0,,0.0,0.0,,,,,,,,,,,,,,,,,,0.0,,,,,,493.429,,,,,,,,,0.156,2.576,5.993,0.828,7.631,1.054,2.069,0.286,,,,,,0.0,,,,0.0,,,,,,0.117,,,,,0.105,,,0.131,0.0,0.0,0.001,0.0,18.649,1.132,,
Afghanistan,1949,AFG,7356890.0,,0.0,0.0,0.015,,,6.117,,,0.831,,,0.002,,,0.015,0.002,,,,0.0,0.015,6.117,0.015,,0.0,499.531,0.0,,,,,,0.0,0.0,0.154,2.537,6.102,0.829,7.729,1.051,2.162,0.294,0.0,0.0,,,,0.0,0.0,0.056,0.0,0.0,0.0,0.001,0.0,,0.0,0.117,0.0,,,0.0,0.107,0.0,,0.131,0.0,0.0,0.001,0.0,18.667,1.131,,
Afghanistan,1950,AFG,7776180.0,9421400000.0,0.0,0.0,0.084,0.07,475.0,7.169,1.052,17.202,0.922,0.761,,0.011,0.009,,0.021,0.003,,,,0.0,0.099,13.286,0.036,,0.0,506.616,0.063,,,,,,0.0,0.0,0.159,2.555,7.085,0.911,7.879,1.013,2.231,0.287,0.063,0.008,,,,0.0,0.001,0.057,0.001,0.0,0.0,0.002,0.0,,0.0,0.116,0.0,,,0.0,0.106,0.004,,0.131,0.0,0.0,0.001,0.0,19.869,1.236,,
Afghanistan,1951,AFG,7879343.0,9692280000.0,0.0,0.0,0.092,0.007,8.696,8.092,0.923,12.875,1.027,0.835,,0.012,0.009,,0.026,0.003,,,,0.0,0.191,21.378,0.061,,0.0,514.617,0.129,,,,,,0.0,0.0,0.154,2.674,8.0,1.015,7.973,1.012,2.292,0.291,0.066,0.008,,,,0.0,0.001,0.06,0.001,0.0,0.0,0.003,0.0,,0.0,0.116,0.0,,,0.0,0.111,0.004,,0.13,0.0,0.0,0.001,0.0,21.069,1.217,,
Afghanistan,1952,AFG,7987784.0,10017325000.0,0.0,0.0,0.092,0.0,0.0,9.005,0.913,11.287,1.127,0.899,,0.011,0.009,,0.032,0.004,,,,0.0,0.282,30.383,0.093,,0.0,523.53,0.189,,,,,,0.0,0.0,0.149,2.766,8.914,1.116,8.073,1.011,2.365,0.296,0.06,0.007,,,,0.0,0.001,0.066,0.001,0.0,0.0,0.004,0.0,,0.0,0.116,0.001,,,0.0,0.123,0.003,,0.13,0.0,0.0,0.001,0.0,22.094,1.189,,
Afghanistan,1953,AFG,8096703.0,10630520000.0,0.0,0.0,0.106,0.015,16.0,10.07,1.065,11.823,1.244,0.947,,0.013,0.01,,0.038,0.005,,,,0.0,0.388,40.453,0.131,,0.0,533.494,0.257,,,,,,0.0,0.0,0.146,2.872,9.964,1.231,8.186,1.011,2.447,0.302,0.068,0.008,,,,0.0,0.002,0.072,0.001,0.0,0.0,0.006,0.0,,0.0,0.117,0.001,,,0.0,0.135,0.004,,0.13,0.0,0.0,0.001,0.0,23.256,1.18,,
Afghanistan,1954,AFG,8207954.0,10866360000.0,0.0,0.0,0.106,0.0,0.0,10.928,0.858,8.517,1.331,1.006,,0.013,0.01,,0.043,0.005,,,,0.0,0.495,51.381,0.174,,0.0,544.316,0.321,,,,,,0.0,0.0,0.141,2.955,10.821,1.318,8.305,1.012,2.532,0.309,0.064,0.008,,,,0.0,0.002,0.075,0.001,0.0,0.0,0.007,0.0,,0.0,0.117,0.001,,,0.0,0.139,0.003,,0.13,0.0,0.0,0.001,0.0,24.251,1.155,,
Afghanistan,1955,AFG,8326981.0,11078186000.0,0.0,0.0,0.154,0.048,44.828,12.026,1.098,10.05,1.444,1.086,,0.018,0.014,,0.062,0.007,,,,0.0,0.649,63.407,0.236,,0.0,556.188,0.413,,,,,,0.0,0.0,0.144,3.071,11.872,1.426,8.457,1.016,2.619,0.314,0.092,0.011,,,,0.0,0.002,0.078,0.001,0.0,0.0,0.009,0.0,,0.0,0.118,0.001,,,0.0,0.149,0.004,,0.13,0.0,0.0,0.001,0.0,25.571,1.2,,
Afghanistan,1956,AFG,8454303.0,11581236000.0,0.0,0.0,0.183,0.029,19.048,12.952,0.926,7.699,1.532,1.118,,0.022,0.016,,0.062,0.007,,,,0.0,0.832,76.359,0.298,,0.0,568.956,0.534,,,,,,0.0,0.0,0.144,3.167,12.769,1.51,8.609,1.018,2.702,0.32,0.121,0.014,,,,0.0,0.002,0.081,0.001,0.0,0.0,0.01,0.0,,0.0,0.118,0.001,,,0.0,0.158,0.005,,0.13,0.0,0.0,0.001,0.0,26.774,1.218,,
Afghanistan,1957,AFG,8588340.0,11578973000.0,0.0,0.0,0.293,0.11,60.0,14.0,1.048,8.09,1.63,1.209,,0.034,0.025,,0.077,0.009,,,,0.0,1.125,90.359,0.375,,0.0,582.663,0.75,,,,,,0.0,0.0,0.159,3.273,13.707,1.596,8.816,1.027,2.777,0.323,0.216,0.025,,,,0.0,0.004,0.085,0.002,0.0,0.0,0.012,0.0,,0.0,0.119,0.002,,,0.0,0.166,0.008,,0.13,0.0,0.0,0.001,0.0,28.113,1.364,,
Afghanistan,1958,AFG,8723412.0,12238842000.0,0.0,0.0,0.33,0.037,12.5,15.05,1.051,7.505,1.725,1.23,,0.038,0.027,,0.092,0.011,,,,0.0,1.455,105.409,0.467,,0.0,597.384,0.988,,,,,,0.0,0.0,0.159,3.389,14.721,1.687,8.982,1.03,2.842,0.326,0.238,0.027,,,,0.0,0.004,0.091,0.002,0.0,0.001,0.013,0.0,,0.0,0.12,0.002,,,0.0,0.179,0.009,,0.13,0.0,0.0,0.001,0.0,29.559,1.386,,
Afghanistan,1959,AFG,8869270.0,12579875000.0,0.018,0.002,0.385,0.055,16.621,15.754,0.704,4.674,1.776,1.252,,0.043,0.031,,0.11,0.012,,,,0.018,1.839,121.163,0.577,,0.0,612.753,1.244,,,,,,0.0,0.0,0.16,3.467,15.369,1.733,9.155,1.032,2.893,0.326,0.256,0.029,,,,0.013,0.004,0.09,0.002,0.001,0.001,0.015,0.0,,0.0,0.121,0.003,,,0.0,0.177,0.009,,0.129,0.0,0.0,0.001,0.0,30.751,1.423,,
Afghanistan,1960,AFG,9035048.0,13033254000.0,0.018,0.002,0.414,0.029,7.623,17.617,1.863,11.825,1.95,1.352,,0.046,0.032,,0.127,0.014,,,,0.036,2.253,138.78,0.704,,0.0,629.956,1.513,,,,,,0.0,0.0,0.158,3.38,17.203,1.904,9.333,1.033,2.924,0.324,0.269,0.03,,,,0.011,0.004,0.104,0.002,0.002,0.001,0.017,0.0,,0.0,0.123,0.003,,,0.0,0.226,0.009,,0.129,0.0,0.0,0.001,0.0,30.541,1.431,,
Afghanistan,1961,AFG,9214082.0,13146287000.0,0.022,0.002,0.491,0.077,18.583,15.1,-2.517,-14.289,1.639,1.149,,0.053,0.037,,0.176,0.019,,,,0.058,2.744,153.879,0.88,,0.0,644.565,1.806,,,,,,0.0,0.0,0.163,2.969,14.609,1.585,8.734,0.948,2.917,0.317,0.293,0.032,,,,0.013,0.005,0.089,0.004,0.002,0.001,0.018,0.0,,0.0,0.124,0.003,,,0.0,0.191,0.009,,0.129,0.0,0.0,0.001,0.0,27.355,1.503,,
Afghanistan,1962,AFG,9404410.0,13367634000.0,0.029,0.003,0.689,0.198,40.301,13.903,-1.197,-7.925,1.478,1.04,,0.073,0.052,,0.297,0.032,,,,0.087,3.432,167.782,1.176,,0.0,657.779,2.169,,,,,,0.0,0.0,0.186,2.807,13.214,1.405,8.921,0.949,2.891,0.307,0.363,0.039,,,,0.016,0.007,0.082,0.006,0.003,0.001,0.02,0.0,,0.0,0.125,0.004,,,0.0,0.185,0.01,,0.128,0.0,0.0,0.001,0.0,26.394,1.751,,
Afghanistan,1963,AFG,9604491.0,13630298000.0,0.051,0.005,0.707,0.018,2.635,13.355,-0.548,-3.943,1.39,0.98,,0.074,0.052,,0.264,0.027,,,,0.138,4.139,181.137,1.44,,0.0,670.427,2.561,,,,,,0.0,0.0,0.179,2.739,12.648,1.317,9.176,0.955,2.942,0.306,0.392,0.041,,,,0.027,0.007,0.078,0.005,0.005,0.001,0.021,0.001,,0.0,0.125,0.004,,,0.0,0.182,0.01,,0.128,0.0,0.0,0.001,0.0,26.303,1.722,,
Afghanistan,1964,AFG,9814317.0,13870504000.0,0.062,0.006,0.839,0.132,18.651,10.764,-2.591,-19.403,1.097,0.776,,0.085,0.06,,0.3,0.031,,,,0.2,4.978,191.901,1.741,,0.0,680.352,3.037,,,,,,0.0,0.0,0.19,2.521,9.925,1.011,9.312,0.949,3.005,0.306,0.476,0.049,,,,0.03,0.008,0.062,0.006,0.007,0.001,0.022,0.001,,0.0,0.126,0.005,,,0.0,0.149,0.012,,0.127,0.0,0.0,0.001,0.0,24.742,1.86,,
Afghanistan,1965,AFG,10036003.0,14187420000.0,0.084,0.008,1.007,0.168,20.078,11.286,0.522,4.853,1.125,0.795,,0.1,0.071,,0.381,0.038,,,,0.283,5.985,203.187,2.122,,0.0,690.631,3.58,,,,,,0.0,0.0,0.203,2.516,10.279,1.024,9.512,0.948,3.077,0.307,0.542,0.054,,,,0.039,0.009,0.064,0.007,0.009,0.002,0.022,0.001,,0.0,0.126,0.005,,,0.0,0.161,0.012,,0.126,0.0,0.0,0.001,0.0,25.25,2.041,,
Afghanistan,1966,AFG,10266397.0,14325264000.0,0.087,0.008,1.091,0.084,8.366,10.16,-1.126,-9.981,0.99,0.709,,0.106,0.076,,0.429,0.042,,,,0.371,7.076,213.346,2.55,,0.0,699.7,4.155,,,,,,0.0,0.0,0.205,2.418,9.068,0.883,9.824,0.957,3.155,0.307,0.575,0.056,,,,0.037,0.009,0.057,0.008,0.011,0.002,0.023,0.001,,0.0,0.126,0.006,,,0.0,0.153,0.012,,0.125,0.0,0.0,0.001,0.0,24.825,2.105,,
Afghanistan,1967,AFG,10505961.0,14734026000.0,0.065,0.006,1.282,0.191,17.477,8.616,-1.543,-15.191,0.82,0.585,,0.122,0.087,,0.399,0.038,,,,0.436,8.358,221.962,2.95,,0.26,707.034,4.712,,,,,,0.26,0.025,0.219,2.267,7.334,0.698,9.852,0.938,3.238,0.308,0.557,0.053,,,,0.027,0.01,0.047,0.008,0.012,0.002,0.024,0.001,,0.001,0.126,0.006,,,0.018,0.117,0.011,,0.125,0.0,0.0,0.001,0.0,23.815,2.301,,
Afghanistan,1968,AFG,10756924.0,15254250000.0,0.047,0.004,1.223,-0.058,-4.562,8.071,-0.545,-6.326,0.75,0.529,,0.114,0.08,,0.332,0.031,,,,0.483,9.581,230.033,3.282,,0.607,713.882,5.209,,,,,,0.347,0.032,0.2,2.182,6.848,0.637,10.003,0.93,3.383,0.315,0.497,0.046,,,,0.018,0.009,0.042,0.006,0.012,0.002,0.024,0.001,,0.003,0.126,0.006,,,0.022,0.108,0.009,,0.124,0.0,0.0,0.001,0.0,23.469,2.155,,
Afghanistan,1969,AFG,11017417.0,15493194000.0,0.051,0.005,0.941,-0.282,-23.064,7.173,-0.898,-11.125,0.651,0.463,,0.085,0.061,,0.363,0.033,,,,0.534,10.522,237.207,3.645,,0.607,720.114,5.736,,,,,,0.0,0.0,0.157,2.026,6.232,0.566,9.793,0.889,3.372,0.306,0.528,0.048,,,,0.019,0.007,0.035,0.007,0.013,0.003,0.024,0.001,,0.003,0.126,0.006,,,0.0,0.09,0.009,,0.122,0.0,0.0,0.001,0.0,22.325,1.735,,
Afghanistan,1970,AFG,11290134.0,15812232000.0,0.047,0.004,1.67,0.729,77.469,8.107,0.934,13.018,0.718,0.513,,0.148,0.106,,0.437,0.039,,,,0.581,12.193,245.314,4.082,0.297,0.824,726.55,6.408,,,,0.297,0.026,0.217,0.019,0.215,2.05,6.437,0.57,9.852,0.873,3.393,0.3,0.672,0.06,,,,0.016,0.011,0.038,0.008,0.013,0.003,0.024,0.001,0.012,0.003,0.125,0.006,,0.107,0.012,0.096,0.01,,0.121,0.0,0.0,0.001,0.0,23.143,2.43,,
Afghanistan,1971,AFG,11567672.0,15770513000.0,0.043,0.004,1.894,0.223,13.36,7.579,-0.528,-6.51,0.655,0.481,,0.164,0.12,,0.359,0.031,,,,0.625,14.086,252.893,4.441,0.602,1.264,732.236,7.156,,,,0.304,0.026,0.44,0.038,0.232,1.958,5.686,0.492,9.805,0.848,3.358,0.29,0.747,0.065,,,,0.014,0.012,0.035,0.006,0.013,0.003,0.025,0.001,0.021,0.005,0.125,0.007,,0.095,0.023,0.093,0.01,,0.12,0.0,0.0,0.001,0.0,22.65,2.679,,
Afghanistan,1972,AFG,11853698.0,13170553000.0,0.046,0.004,1.53,-0.363,-19.181,6.688,-0.891,-11.754,0.564,0.508,,0.129,0.116,,0.191,0.016,,,,0.671,15.617,259.581,4.631,0.968,1.564,737.394,7.782,,,,0.366,0.031,0.3,0.025,0.199,1.639,5.158,0.435,8.317,0.702,2.62,0.221,0.627,0.053,,,,0.014,0.009,0.03,0.003,0.013,0.003,0.025,0.002,0.03,0.006,0.124,0.007,,0.106,0.015,0.08,0.008,,0.118,0.0,0.0,0.001,0.0,19.424,2.354,,
Afghanistan,1973,AFG,12158000.0,13568631000.0,0.067,0.006,1.635,0.105,6.868,6.004,-0.684,-10.233,0.494,0.442,,0.135,0.121,,0.311,0.026,,,,0.738,17.252,265.585,4.942,1.191,1.897,741.762,8.484,,,,0.223,0.018,0.333,0.027,0.203,1.61,4.368,0.359,8.678,0.714,2.903,0.239,0.702,0.058,,,,0.02,0.01,0.026,0.005,0.014,0.004,0.025,0.002,0.033,0.006,0.124,0.007,,0.055,0.015,0.07,0.009,,0.116,0.0,0.0,0.001,0.0,19.576,2.472,,
Afghanistan,1974,AFG,12469127.0,14309108000.0,0.07,0.006,1.913,0.278,16.98,5.851,-0.153,-2.549,0.469,0.409,,0.153,0.134,,0.305,0.024,,,,0.808,19.165,271.436,5.247,1.558,2.297,745.7,9.255,,,,0.367,0.029,0.4,0.032,0.223,1.613,3.938,0.316,9.213,0.739,3.159,0.253,0.771,0.062,,,,0.021,0.011,0.025,0.005,0.014,0.004,0.025,0.002,0.039,0.007,0.123,0.007,,0.094,0.018,0.062,0.01,,0.115,0.0,0.0,0.001,0.0,20.115,2.786,,
Afghanistan,1975,AFG,12773966.0,15177768000.0,0.069,0.005,2.121,0.208,10.884,5.708,-0.143,-2.445,0.447,0.376,,0.166,0.14,,0.399,0.031,,,,0.878,21.287,277.144,5.646,1.862,2.772,749.286,10.129,,,,0.304,0.024,0.475,0.037,0.236,1.623,3.586,0.281,9.779,0.766,3.425,0.268,0.874,0.068,,,,0.02,0.012,0.025,0.007,0.014,0.004,0.025,0.002,0.043,0.008,0.123,0.007,,0.09,0.021,0.059,0.011,,0.113,0.0,0.0,0.001,0.0,20.737,3.019,,
Afghanistan,1976,AFG,13059861.0,16023605000.0,0.079,0.006,1.981,-0.141,-6.624,5.269,-0.439,-7.683,0.403,0.329,,0.152,0.124,,0.425,0.033,,,,0.957,23.267,282.413,6.071,2.155,3.073,752.575,11.012,,,,0.293,0.022,0.3,0.023,0.221,1.576,3.288,0.252,9.956,0.762,3.524,0.27,0.883,0.068,,,,0.022,0.011,0.022,0.007,0.015,0.004,0.025,0.002,0.045,0.008,0.122,0.008,,0.074,0.013,0.054,0.01,,0.112,0.0,0.0,0.001,0.0,20.578,2.884,,
Afghanistan,1977,AFG,13340758.0,15207360000.0,0.065,0.005,2.384,0.403,20.361,5.382,0.113,2.145,0.403,0.354,,0.179,0.157,,0.451,0.034,,,,1.022,25.652,287.795,6.521,2.536,3.586,755.573,11.987,,,,0.381,0.029,0.513,0.038,0.248,1.535,2.998,0.225,9.767,0.732,3.459,0.259,0.975,0.073,,,,0.017,0.013,0.022,0.007,0.015,0.005,0.025,0.002,0.049,0.009,0.121,0.008,,0.1,0.021,0.045,0.011,,0.111,0.0,0.0,0.001,0.0,20.478,3.315,,
Afghanistan,1978,AFG,13611444.0,16337830000.0,0.058,0.004,2.153,-0.231,-9.684,4.78,-0.602,-11.187,0.351,0.293,,0.158,0.132,,0.576,0.042,,,,1.079,27.805,292.576,7.098,2.818,3.887,758.2,12.923,,,,0.283,0.021,0.301,0.022,0.228,1.458,2.627,0.193,9.774,0.718,3.406,0.25,0.936,0.069,,,,0.014,0.011,0.019,0.009,0.015,0.005,0.025,0.002,0.051,0.009,0.12,0.008,,0.072,0.012,0.04,0.01,,0.109,0.0,0.0,0.001,0.0,19.846,3.099,,
Afghanistan,1979,AFG,13655575.0,15913788000.0,0.064,0.005,2.233,0.079,3.69,4.987,0.207,4.321,0.365,0.313,,0.164,0.14,,0.352,0.026,,,,1.143,30.038,297.562,7.449,3.086,4.271,760.954,14.088,,,,0.267,0.02,0.385,0.028,0.233,1.435,2.754,0.202,9.587,0.702,3.307,0.242,1.165,0.085,,,,0.016,0.011,0.02,0.005,0.015,0.005,0.024,0.002,0.052,0.01,0.12,0.008,,0.074,0.014,0.047,0.013,,0.108,0.0,0.0,0.001,0.0,19.59,3.187,,
Afghanistan,1980,AFG,13169313.0,15329836000.0,0.023,0.002,1.756,-0.476,-21.339,4.34,-0.647,-12.972,0.33,0.283,684.819,0.133,0.115,277.142,0.316,0.024,,,,1.166,31.794,301.902,7.765,3.391,4.459,763.537,15.013,,481.209,0.413,0.305,0.023,0.187,0.014,0.209,1.44,2.584,0.196,9.596,0.729,3.343,0.254,0.925,0.07,,,6.337,0.006,0.009,0.017,0.005,0.015,0.005,0.024,0.002,0.055,0.009,0.119,0.008,,0.096,0.007,0.043,0.01,,0.106,0.0,0.0,0.001,0.0,18.968,2.755,,
Afghanistan,1981,AFG,11937586.0,15645344000.0,0.033,0.003,1.978,0.222,12.649,4.677,0.337,7.772,0.392,0.299,641.618,0.166,0.126,271.411,0.333,0.028,,,,1.199,33.772,306.579,8.098,3.684,4.763,766.236,16.028,,610.639,0.466,0.293,0.025,0.304,0.025,0.25,1.603,2.699,0.226,9.605,0.805,3.314,0.278,1.015,0.085,,,7.29,0.008,0.01,0.019,0.005,0.014,0.005,0.024,0.002,0.057,0.01,0.118,0.008,,0.124,0.011,0.046,0.012,,0.105,0.0,0.0,0.001,0.0,19.135,2.981,,
Afghanistan,1982,AFG,10991380.0,15980410000.0,0.039,0.004,2.095,0.116,5.869,4.268,-0.41,-8.757,0.388,0.267,540.933,0.191,0.131,265.498,0.385,0.035,,,,1.238,35.867,310.847,8.483,3.966,5.158,768.409,17.021,,717.766,0.494,0.282,0.026,0.396,0.036,0.281,1.716,2.173,0.198,9.551,0.869,3.361,0.306,0.993,0.09,,,7.889,0.01,0.011,0.018,0.005,0.014,0.006,0.024,0.002,0.059,0.01,0.117,0.009,,0.12,0.015,0.039,0.012,,0.104,0.0,0.0,0.001,0.0,18.866,3.09,,
Afghanistan,1983,AFG,10917985.0,16755333000.0,0.006,0.001,2.52,0.425,20.308,4.645,0.377,8.841,0.425,0.277,470.024,0.231,0.15,255.0,0.385,0.035,,,,1.245,38.387,315.492,8.868,4.259,5.774,770.534,18.241,,905.127,0.59,0.293,0.027,0.616,0.056,0.323,1.693,2.125,0.195,9.082,0.832,3.165,0.29,1.22,0.112,,,9.882,0.002,0.013,0.019,0.005,0.013,0.006,0.024,0.002,0.062,0.01,0.117,0.009,,0.138,0.022,0.036,0.015,,0.102,0.0,0.0,0.001,0.0,18.479,3.53,,
Afghanistan,1984,AFG,11190222.0,17072153000.0,0.048,0.004,2.822,0.302,11.968,4.677,0.032,0.686,0.418,0.274,470.976,0.252,0.165,284.146,0.393,0.035,,,,1.293,41.209,320.168,9.26,4.575,6.706,772.389,19.375,,887.371,0.582,0.316,0.028,0.932,0.083,0.343,1.553,1.855,0.166,8.13,0.727,2.998,0.268,1.134,0.101,,,9.93,0.011,0.015,0.018,0.005,0.013,0.006,0.024,0.002,0.065,0.011,0.116,0.009,,0.169,0.031,0.029,0.014,,0.101,0.0,0.0,0.001,0.0,17.374,3.841,,
Afghanistan,1985,AFG,11426855.0,17108480000.0,0.032,0.003,3.501,0.68,24.096,5.076,0.399,8.528,0.444,0.297,527.073,0.306,0.205,363.604,0.4,0.035,,,,1.324,44.71,325.244,9.66,4.905,7.898,773.963,20.923,,842.731,0.563,0.33,0.029,1.192,0.104,0.404,1.473,1.574,0.138,7.383,0.646,2.787,0.244,1.548,0.135,,,9.63,0.007,0.017,0.019,0.005,0.013,0.006,0.024,0.002,0.068,0.013,0.115,0.009,,0.182,0.039,0.023,0.019,,0.099,0.0,0.0,0.001,0.0,16.834,4.617,,
Afghanistan,1986,AFG,11420074.0,17641344000.0,0.038,0.003,3.134,-0.368,-10.504,4.406,-0.669,-13.189,0.386,0.25,440.943,0.274,0.178,313.598,0.425,0.037,,,,1.362,47.844,329.65,10.085,5.234,9.1,775.236,22.062,,875.0,0.566,0.33,0.029,1.202,0.105,0.373,1.278,1.273,0.111,6.196,0.543,2.382,0.209,1.14,0.1,,,9.993,0.009,0.015,0.016,0.005,0.013,0.007,0.024,0.003,0.071,0.014,0.114,0.009,,0.194,0.04,0.018,0.013,,0.097,0.0,0.0,0.001,0.0,14.6,4.255,,
Afghanistan,1987,AFG,11387822.0,15810816000.0,0.043,0.004,3.114,-0.02,-0.632,4.138,-0.268,-6.09,0.363,0.262,244.405,0.273,0.197,183.922,0.443,0.039,,,,1.405,50.957,333.788,10.528,5.458,9.491,776.26,24.075,,1486.687,1.071,0.223,0.02,0.392,0.034,0.366,1.308,1.024,0.09,6.533,0.574,2.586,0.227,2.013,0.177,,,16.93,0.009,0.015,0.015,0.005,0.013,0.007,0.023,0.003,0.072,0.014,0.113,0.01,,0.137,0.012,0.016,0.023,,0.095,0.0,0.0,0.001,0.0,14.899,4.173,,
Afghanistan,1988,AFG,11523299.0,14499069000.0,0.043,0.004,2.857,-0.257,-8.251,3.866,-0.272,-6.564,0.336,0.267,124.362,0.248,0.197,91.896,0.366,0.032,,,,1.448,53.814,337.654,10.894,5.644,9.931,777.269,25.896,,2697.882,2.144,0.187,0.016,0.44,0.038,0.338,1.299,1.009,0.088,6.807,0.591,2.693,0.234,1.821,0.158,,,31.089,0.009,0.013,0.014,0.004,0.013,0.007,0.023,0.003,0.073,0.014,0.112,0.01,,0.101,0.013,0.016,0.02,,0.093,0.0,0.0,0.001,0.0,14.973,3.893,,
Afghanistan,1989,AFG,11874089.0,13489497000.0,0.043,0.004,2.765,-0.092,-3.222,3.688,-0.178,-4.597,0.311,0.273,120.9,0.233,0.205,90.625,0.337,0.028,,,,1.491,56.579,341.343,11.232,5.685,10.411,778.193,27.761,,2569.342,2.262,0.04,0.003,0.48,0.04,0.314,1.224,0.924,0.078,6.64,0.559,2.677,0.225,1.865,0.157,,,30.509,0.009,0.012,0.013,0.004,0.012,0.007,0.023,0.003,0.072,0.014,0.111,0.011,,0.027,0.013,0.015,0.021,,0.091,0.0,0.0,0.001,0.0,14.537,3.729,,
Afghanistan,1990,AFG,12045664.0,13065984000.0,0.046,0.004,2.024,-0.741,-26.784,2.197,-1.492,-40.442,0.182,0.168,72.749,0.168,0.155,67.038,0.278,0.023,,,,1.537,58.603,343.539,11.51,5.71,10.814,778.365,29.032,,2506.867,2.311,0.026,0.002,0.403,0.033,0.259,1.122,0.172,0.014,6.734,0.559,2.676,0.222,1.271,0.106,,,30.197,0.009,0.009,0.008,0.003,0.012,0.007,0.023,0.003,0.07,0.014,0.11,0.011,,0.01,0.011,0.003,0.014,,0.09,0.0,0.0,0.001,0.0,13.519,3.123,,
Afghanistan,1991,AFG,12238879.0,12047361847.0,0.046,0.004,1.914,-0.11,-5.435,1.94,-0.257,-11.712,0.158,0.161,155.2,0.156,0.159,153.183,0.25,0.02,,,,1.582,60.518,345.479,11.76,5.736,11.203,778.39,30.237,,1021.075,1.037,0.026,0.002,0.389,0.032,0.248,1.12,0.025,0.002,7.022,0.574,2.75,0.225,1.204,0.098,,,12.497,0.009,0.008,0.007,0.003,0.012,0.007,0.022,0.003,0.068,0.014,0.11,0.011,,0.009,0.01,0.0,0.012,,0.088,0.0,0.0,0.001,0.0,13.711,3.038,,
Afghanistan,1992,AFG,13278983.0,12677539626.0,0.046,0.003,1.482,-0.432,-22.58,-0.179,-2.118,-109.209,-0.013,-0.014,-21.764,0.112,0.117,180.581,0.022,0.002,,,,1.628,62.0,345.3,11.782,5.758,11.566,776.73,31.266,,618.055,0.647,0.022,0.002,0.363,0.027,0.196,0.869,-1.661,-0.125,7.108,0.535,2.688,0.202,1.03,0.078,,,8.207,0.009,0.007,-0.001,0.0,0.012,0.007,0.022,0.003,0.066,0.013,0.108,0.011,,0.009,0.009,-0.028,0.011,,0.087,0.0,0.0,0.001,0.0,11.543,2.606,,
Afghanistan,1993,AFG,14943175.0,9834582315.0,0.047,0.003,1.487,0.005,0.33,-2.584,-2.405,1346.637,-0.173,-0.263,-316.84,0.1,0.151,182.327,0.018,0.001,,,,1.675,63.487,342.716,11.8,5.78,11.918,772.659,32.314,,545.758,0.829,0.022,0.001,0.352,0.024,0.178,0.7,-4.071,-0.272,7.199,0.482,2.727,0.182,1.048,0.07,,,8.155,0.009,0.007,-0.009,0.0,0.012,0.007,0.022,0.003,0.065,0.013,0.107,0.011,,0.009,0.009,-0.071,0.011,,0.085,0.0,0.0,0.001,0.0,10.454,2.664,,
Afghanistan,1994,AFG,16250800.0,7919856426.0,0.047,0.003,1.454,-0.033,-2.227,-1.965,0.619,-23.966,-0.121,-0.248,-249.61,0.089,0.184,184.707,0.015,0.001,,,,1.722,64.941,340.752,11.815,5.802,12.256,769.24,33.346,,484.346,0.994,0.022,0.001,0.338,0.021,0.166,0.676,-3.419,-0.21,7.489,0.461,2.575,0.158,1.032,0.064,,,7.871,0.008,0.006,-0.007,0.0,0.012,0.007,0.021,0.003,0.063,0.013,0.106,0.011,,0.007,0.008,-0.051,0.011,,0.084,0.0,0.0,0.001,0.0,10.98,2.697,,
Afghanistan,1995,AFG,17065837.0,12307525468.0,0.047,0.003,1.417,-0.037,-2.511,-0.971,0.993,-50.552,-0.057,-0.079,-147.29,0.083,0.115,214.884,0.015,0.001,,,,1.769,66.358,339.78,11.829,5.824,12.578,766.851,34.357,,386.49,0.536,0.022,0.001,0.322,0.019,0.16,0.71,-2.389,-0.14,7.899,0.463,2.686,0.157,1.011,0.059,,,6.596,0.008,0.006,-0.003,0.0,0.012,0.007,0.021,0.002,0.061,0.013,0.104,0.011,,0.007,0.008,-0.038,0.011,,0.082,0.0,0.0,0.001,0.0,12.11,2.73,,
Afghanistan,1996,AFG,17763266.0,12070125316.0,0.047,0.003,1.37,-0.047,-3.332,1.497,2.468,-254.047,0.084,0.124,228.381,0.077,0.114,209.085,0.007,0.0,,,,1.816,67.728,341.277,11.837,5.846,12.886,766.978,35.343,,368.899,0.543,0.022,0.001,0.308,0.017,0.155,0.836,0.126,0.007,8.815,0.496,2.911,0.164,0.986,0.055,,,6.553,0.007,0.006,0.005,0.0,0.011,0.007,0.02,0.002,0.059,0.013,0.103,0.011,,0.006,0.007,0.002,0.01,,0.081,0.0,0.0,0.001,0.0,14.851,2.745,,
Afghanistan,1997,AFG,18452100.0,11850752863.0,0.047,0.003,1.304,-0.066,-4.814,5.175,3.678,245.782,0.28,0.437,821.893,0.071,0.11,207.133,0.004,0.0,,,,1.864,69.032,346.452,11.84,5.868,13.168,770.849,36.292,,341.218,0.531,0.022,0.001,0.282,0.015,0.148,0.979,3.871,0.21,9.593,0.52,3.197,0.173,0.949,0.051,,,6.296,0.007,0.005,0.016,0.0,0.011,0.007,0.02,0.002,0.057,0.012,0.103,0.011,,0.006,0.006,0.048,0.01,,0.08,0.0,0.001,0.001,0.0,18.057,2.735,,
Afghanistan,1998,AFG,19159996.0,11692171422.0,0.047,0.002,1.279,-0.026,-1.967,1.073,-4.101,-79.258,0.056,0.092,174.368,0.067,0.109,207.695,0.004,0.0,,,,1.911,70.311,347.525,11.844,5.89,13.432,770.643,37.234,,321.278,0.526,0.022,0.001,0.264,0.014,0.144,0.871,-0.205,-0.011,10.188,0.532,3.463,0.181,0.942,0.049,,,6.156,0.007,0.005,0.003,0.0,0.011,0.007,0.02,0.002,0.056,0.012,0.102,0.011,,0.007,0.006,-0.003,0.01,,0.08,0.0,0.001,0.001,0.0,16.691,2.75,,
Afghanistan,1999,AFG,19887792.0,11517315926.0,0.047,0.002,1.092,-0.187,-14.616,1.943,0.869,80.977,0.098,0.169,315.88,0.055,0.095,177.514,0.004,0.0,,,,1.959,71.402,349.467,11.848,5.912,13.674,771.494,38.01,,309.214,0.534,0.022,0.001,0.242,0.012,0.131,0.922,0.851,0.043,11.064,0.556,3.71,0.187,0.777,0.039,,,6.15,0.007,0.004,0.006,0.0,0.011,0.007,0.02,0.002,0.054,0.012,0.101,0.011,,0.007,0.005,0.013,0.008,,0.079,0.0,0.001,0.001,0.0,18.338,2.603,,
Afghanistan,2000,AFG,20130334.0,11283794151.0,0.01,0.001,1.047,-0.045,-4.078,1.112,-0.83,-42.735,0.055,0.099,210.366,0.052,0.093,198.025,0.004,0.0,,,,1.969,72.449,350.58,11.851,5.934,13.897,771.56,38.798,,262.68,0.469,0.022,0.001,0.224,0.011,0.129,0.795,0.065,0.003,9.724,0.483,3.222,0.16,0.788,0.039,,,5.288,0.001,0.004,0.004,0.0,0.011,0.007,0.019,0.002,0.053,0.011,0.1,0.011,,0.006,0.005,0.001,0.008,,0.078,0.0,0.001,0.001,0.0,16.009,2.603,,
Afghanistan,2001,AFG,20284303.0,11021272927.0,0.007,0.0,1.069,0.022,2.098,1.935,0.823,73.952,0.095,0.176,530.288,0.053,0.097,292.985,0.07,0.003,,,,1.975,73.519,352.515,11.921,5.956,14.106,772.425,39.56,,179.892,0.331,0.022,0.001,0.209,0.01,0.133,0.734,0.866,0.043,8.387,0.413,2.853,0.141,0.762,0.038,,,3.649,0.001,0.004,0.006,0.001,0.01,0.007,0.019,0.002,0.051,0.011,0.1,0.011,,0.007,0.004,0.016,0.007,,0.077,0.0,0.001,0.001,0.0,14.895,2.701,,
Afghanistan,2002,AFG,21378123.0,18804871508.0,0.011,0.001,1.341,0.272,25.439,6.391,4.456,230.283,0.299,0.34,1920.101,0.063,0.071,402.907,0.055,0.003,,,,1.986,74.86,358.906,11.976,5.956,14.652,777.475,40.289,,155.695,0.177,0.0,0.0,0.546,0.026,0.142,0.937,5.05,0.236,10.375,0.485,3.299,0.154,0.729,0.034,,,3.328,0.001,0.005,0.02,0.001,0.01,0.007,0.019,0.002,0.05,0.011,0.1,0.01,,0.0,0.011,0.083,0.007,,0.077,0.0,0.001,0.001,0.0,20.037,3.044,,
Afghanistan,2003,AFG,22733053.0,21074343420.0,0.01,0.0,1.56,0.219,16.302,6.169,-0.222,-3.47,0.271,0.293,1554.649,0.069,0.074,393.041,0.092,0.004,,,,1.996,76.419,365.075,12.067,5.956,15.117,782.085,41.282,,174.558,0.188,0.0,0.0,0.465,0.02,0.147,0.914,4.61,0.203,10.687,0.47,3.434,0.151,0.993,0.044,,,3.968,0.001,0.006,0.018,0.001,0.01,0.007,0.019,0.002,0.049,0.011,0.099,0.01,,0.0,0.009,0.063,0.009,,0.076,0.0,0.001,0.001,0.0,20.769,3.349,,
Afghanistan,2004,AFG,23560656.0,22332570533.0,0.01,0.0,1.237,-0.322,-20.673,3.636,-2.533,-41.059,0.154,0.163,978.29,0.053,0.055,332.873,0.092,0.004,,,,2.006,77.657,368.711,12.159,5.956,15.344,784.484,42.191,,157.758,0.166,0.0,0.0,0.227,0.01,0.131,0.804,2.399,0.102,10.651,0.452,3.412,0.145,0.909,0.039,,,3.717,0.001,0.004,0.01,0.001,0.009,0.007,0.019,0.002,0.047,0.011,0.099,0.01,,0.0,0.004,0.037,0.008,,0.076,0.0,0.001,0.001,0.0,18.934,3.085,,
Afghanistan,2005,AFG,24404575.0,25397686814.0,0.006,0.0,1.89,0.652,52.719,2.983,-0.654,-17.977,0.122,0.117,594.794,0.077,0.074,376.819,0.106,0.004,,,,2.012,79.546,371.694,12.265,5.956,15.674,785.577,43.638,,205.468,0.197,0.0,0.0,0.33,0.014,0.157,0.787,1.093,0.045,10.901,0.447,3.561,0.146,1.447,0.059,,,5.014,0.001,0.006,0.008,0.001,0.009,0.007,0.019,0.002,0.046,0.011,0.098,0.01,,0.0,0.006,0.018,0.013,,0.075,0.0,0.001,0.001,0.0,19.199,3.832,,
Afghanistan,2006,AFG,25424100.0,28704399925.0,0.012,0.0,2.159,0.27,14.279,3.244,0.261,8.76,0.128,0.113,496.704,0.085,0.075,330.645,0.161,0.006,,,,2.024,81.705,374.938,12.426,5.956,16.003,786.661,45.295,,256.867,0.228,0.0,0.0,0.329,0.013,0.164,0.764,1.084,0.043,11.122,0.437,3.418,0.134,1.657,0.065,,,6.531,0.001,0.007,0.009,0.001,0.008,0.007,0.019,0.002,0.045,0.011,0.098,0.011,,0.0,0.006,0.018,0.015,,0.075,0.0,0.001,0.001,0.0,19.426,4.168,,
Afghanistan,2007,AFG,25909852.0,34507529735.0,0.012,0.0,2.8,0.641,29.666,3.695,0.451,13.904,0.143,0.107,476.24,0.108,0.081,360.893,0.747,0.029,,,,2.036,84.505,378.632,13.174,5.956,16.311,787.556,47.028,,299.434,0.225,0.0,0.0,0.308,0.012,0.193,0.781,0.895,0.035,11.452,0.442,3.366,0.13,1.733,0.067,,,7.758,0.001,0.009,0.01,0.006,0.008,0.007,0.018,0.002,0.044,0.01,0.097,0.011,,0.0,0.005,0.016,0.015,,0.075,0.0,0.001,0.001,0.0,20.244,5.002,,
Afghanistan,2008,AFG,26482631.0,36561043230.0,0.015,0.001,4.254,1.455,51.951,4.979,1.284,34.746,0.188,0.136,331.023,0.161,0.116,282.877,1.077,0.041,,,,2.051,88.76,383.611,14.251,5.956,16.608,788.28,49.894,,567.922,0.411,0.0,0.0,0.297,0.011,0.25,0.871,0.724,0.027,12.664,0.478,3.665,0.138,2.865,0.108,,,15.04,0.001,0.013,0.013,0.008,0.008,0.007,0.018,0.002,0.043,0.01,0.096,0.011,,0.0,0.005,0.012,0.026,,0.075,0.0,0.001,0.001,0.0,23.057,6.626,,
Afghanistan,2009,AFG,27466102.0,44358722212.0,0.013,0.0,6.388,2.134,50.153,7.005,2.027,40.709,0.255,0.158,277.349,0.233,0.144,252.918,1.513,0.055,,,,2.064,95.148,390.616,15.764,5.956,16.879,788.897,54.485,,919.612,0.569,0.0,0.0,0.271,0.01,0.326,0.935,0.617,0.022,13.006,0.474,3.968,0.144,4.591,0.167,,,25.258,0.001,0.02,0.018,0.012,0.008,0.007,0.018,0.003,0.042,0.01,0.096,0.012,,0.0,0.005,0.009,0.042,,0.076,0.0,0.001,0.001,0.0,25.67,8.95,,
Afghanistan,2010,AFG,28284088.0,47399425562.0,0.015,0.001,8.365,1.977,30.941,8.602,1.597,22.797,0.304,0.181,266.792,0.296,0.176,259.426,2.246,0.079,,,,2.079,103.513,399.219,18.01,5.956,17.15,789.135,60.318,,1139.987,0.68,0.0,0.0,0.271,0.01,0.396,1.045,0.238,0.008,14.88,0.526,4.388,0.155,5.833,0.206,,,32.244,0.001,0.025,0.022,0.016,0.007,0.008,0.018,0.003,0.041,0.01,0.095,0.013,,0.0,0.004,0.004,0.052,,0.076,0.0,0.001,0.001,0.0,29.565,11.191,,
Afghanistan,2011,AFG,29347708.0,53326336000.0,0.015,0.0,11.41,3.045,36.4,11.613,3.011,34.999,0.396,0.218,280.567,0.389,0.214,275.653,3.749,0.128,,,,2.093,114.922,410.832,21.76,5.956,17.458,789.338,67.655,,1410.376,0.776,0.0,0.0,0.308,0.01,0.502,1.124,0.203,0.007,15.341,0.523,4.523,0.154,7.338,0.25,,,41.391,0.001,0.033,0.028,0.025,0.007,0.008,0.019,0.003,0.04,0.01,0.094,0.014,,0.0,0.005,0.003,0.065,,0.077,0.0,0.001,0.001,0.0,32.977,14.723,,
Afghanistan,2012,AFG,30560036.0,59166900000.0,0.029,0.001,9.731,-1.678,-14.711,9.933,-1.68,-14.465,0.325,0.168,254.561,0.318,0.164,249.383,2.821,0.092,,,,2.122,124.654,420.765,24.581,5.956,17.766,789.54,74.229,,1276.868,0.66,0.0,0.0,0.308,0.01,0.425,1.013,0.202,0.007,15.133,0.495,4.545,0.149,6.573,0.215,,,39.021,0.002,0.028,0.024,0.019,0.007,0.009,0.019,0.004,0.039,0.009,0.094,0.015,,0.0,0.005,0.003,0.057,,0.077,0.0,0.001,0.001,0.0,30.964,12.991,,
Afghanistan,2013,AFG,31622709.0,62993700000.0,0.036,0.001,8.891,-0.84,-8.63,8.948,-0.985,-9.915,0.283,0.142,280.784,0.281,0.141,278.998,2.97,0.094,,,,2.158,133.545,429.713,27.551,5.956,18.062,789.597,79.818,,1007.797,0.506,0.0,0.0,0.297,0.009,0.388,0.954,0.057,0.002,15.176,0.48,4.559,0.144,5.589,0.177,,,31.869,0.002,0.025,0.022,0.02,0.007,0.009,0.019,0.004,0.038,0.009,0.093,0.016,,0.0,0.005,0.001,0.049,,0.078,0.0,0.001,0.001,0.0,30.17,12.271,,
Afghanistan,2014,AFG,32792528.0,64346106000.0,0.029,0.001,8.698,-0.194,-2.179,8.776,-0.172,-1.926,0.268,0.136,329.552,0.265,0.135,326.609,3.239,0.099,,,,2.186,142.243,438.489,30.79,5.956,18.334,789.676,84.977,,812.082,0.414,0.0,0.0,0.271,0.008,0.373,0.936,0.078,0.002,15.547,0.474,4.835,0.147,5.159,0.157,,,26.63,0.002,0.025,0.021,0.022,0.006,0.01,0.019,0.004,0.037,0.009,0.092,0.016,,0.0,0.004,0.001,0.045,,0.078,0.0,0.001,0.001,0.0,30.691,12.237,,
Afghanistan,2015,AFG,33831767.0,62783392000.0,0.041,0.001,9.384,0.687,7.896,9.697,0.921,10.492,0.287,0.154,313.272,0.277,0.149,303.177,2.439,0.072,,,,2.228,151.627,448.186,33.229,5.956,18.616,789.988,91.598,,914.925,0.493,0.0,0.0,0.282,0.008,0.382,0.908,0.312,0.009,14.822,0.438,4.813,0.142,6.622,0.196,,,30.954,0.003,0.027,0.023,0.017,0.006,0.01,0.019,0.005,0.036,0.009,0.092,0.017,,0.0,0.004,0.005,0.056,,0.079,0.0,0.001,0.001,0.0,30.707,12.916,,
Afghanistan,2016,AFG,34700613.0,64372217488.0,0.076,0.002,8.606,-0.778,-8.295,8.945,-0.752,-7.756,0.258,0.139,318.6,0.248,0.134,306.53,2.421,0.07,,,,2.304,160.233,457.131,35.65,5.956,18.934,790.327,97.389,,809.074,0.436,0.0,0.0,0.319,0.009,0.356,0.863,0.339,0.01,14.808,0.427,4.78,0.138,5.79,0.167,,,28.075,0.005,0.024,0.022,0.017,0.006,0.01,0.019,0.005,0.035,0.009,0.091,0.018,,0.0,0.005,0.006,0.049,,0.079,0.0,0.001,0.001,0.0,29.947,12.348,,
Afghanistan,2017,AFG,35688941.0,65169281649.0,0.045,0.001,9.311,0.705,8.193,14.564,5.619,62.822,0.408,0.223,398.828,0.261,0.143,254.976,2.893,0.081,,,,2.349,169.544,471.695,38.544,5.956,19.235,795.58,103.461,,1023.214,0.56,0.0,0.0,0.3,0.008,0.375,0.944,5.253,0.147,14.78,0.414,4.983,0.14,6.073,0.17,,,36.517,0.003,0.026,0.035,0.02,0.006,0.011,0.019,0.005,0.034,0.009,0.091,0.019,,0.0,0.004,0.099,0.05,,0.079,0.0,0.001,0.001,0.0,33.678,13.373,,
Afghanistan,2018,AFG,36743040.0,65996738862.0,0.057,0.002,10.192,0.88,9.456,13.074,-1.49,-10.234,0.356,0.198,281.2,0.277,0.154,219.207,3.221,0.088,,,,2.405,179.736,484.769,41.764,5.956,19.528,798.462,110.082,,1265.342,0.704,0.0,0.0,0.293,0.008,0.393,0.914,2.882,0.078,15.192,0.413,4.841,0.132,6.621,0.18,,,46.493,0.004,0.028,0.031,0.022,0.006,0.011,0.019,0.006,0.034,0.008,0.091,0.019,,0.0,0.004,0.059,0.055,,0.079,0.001,0.001,0.001,0.0,33.581,14.449,,
Afghanistan,2019,AFG,37856125.0,73085701943.0,0.038,0.001,10.4,0.209,2.047,20.063,6.989,53.458,0.53,0.275,425.855,0.275,0.142,220.755,3.273,0.086,,,,2.444,190.136,504.831,45.038,5.956,19.773,808.125,116.925,,1244.489,0.645,0.0,0.0,0.246,0.006,0.385,0.966,9.663,0.255,15.216,0.402,4.598,0.121,6.843,0.181,,,47.112,0.002,0.028,0.048,0.022,0.006,0.011,0.02,0.006,0.033,0.008,0.091,0.02,,0.0,0.003,0.198,0.056,,0.079,0.001,0.001,0.001,0.0,36.551,14.564,,
Afghanistan,2020,AFG,39068977.0,71417706295.0,0.061,0.002,11.119,0.719,6.909,16.717,-3.346,-16.677,0.428,0.234,356.345,0.285,0.156,237.012,3.635,0.093,,,,2.504,201.254,521.548,48.672,5.956,19.927,813.723,124.195,,1200.742,0.657,0.0,0.0,0.154,0.004,0.388,0.915,5.598,0.143,15.25,0.39,4.565,0.117,7.269,0.186,,,46.912,0.004,0.032,0.042,0.025,0.006,0.012,0.02,0.006,0.032,0.008,0.092,0.021,,0.0,0.002,0.124,0.066,,0.079,0.001,0.001,0.001,0.0,35.765,15.155,,
Afghanistan,2021,AFG,40000410.0,56638852656.0,0.016,0.0,9.869,-1.25,-11.24,13.352,-3.365,-20.127,0.334,0.236,280.69,0.247,0.174,207.462,2.993,0.075,,,,2.521,211.123,534.9,51.666,5.956,20.085,817.206,130.896,,1189.22,0.84,0.0,0.0,0.158,0.004,0.352,0.833,3.483,0.087,15.433,0.386,4.433,0.111,6.701,0.168,,,47.569,0.001,0.027,0.032,0.02,0.006,0.012,0.02,0.006,0.031,0.008,0.092,0.022,,0.0,0.002,0.075,0.058,,0.08,0.001,0.001,0.001,0.0,33.333,14.08,,
Afghanistan,2022,AFG,40578847.0,53303471617.0,0.011,0.0,10.17,0.301,3.05,21.544,8.192,61.35,0.531,0.404,477.621,0.251,0.191,225.465,3.488,0.086,,,,2.531,221.293,556.444,55.154,5.956,20.227,828.58,137.425,,1111.573,0.846,0.0,0.0,0.143,0.004,0.367,0.903,11.374,0.28,16.076,0.396,4.419,0.109,6.528,0.161,,,45.106,0.001,0.027,0.051,0.023,0.005,0.012,0.021,0.007,0.031,0.008,0.092,0.022,,0.0,0.002,0.238,0.055,,0.08,0.001,0.001,0.001,0.0,36.65,14.898,,
Afghanistan,2023,AFG,41454762.0,,0.011,0.0,10.516,0.346,3.406,26.19,4.646,21.566,0.632,,650.171,0.254,,261.071,3.867,0.093,,,,2.542,231.809,582.634,59.021,5.956,20.369,844.254,143.922,,971.697,,0.0,0.0,0.141,0.003,0.371,0.933,15.674,0.378,16.38,0.395,4.432,0.107,6.498,0.157,,,40.281,0.001,0.028,0.061,0.025,0.005,0.013,0.022,0.007,0.03,0.008,0.094,0.023,,0.0,0.002,0.33,0.053,,0.08,0.001,0.001,0.001,0.0,38.675,15.366,,
Afghanistan,2024,AFG,42647502.0,,0.011,0.0,10.826,0.31,2.945,29.074,2.884,11.012,0.682,,736.929,0.254,,274.405,3.894,0.091,,,,2.553,242.635,611.708,62.915,5.956,20.495,862.502,150.717,,925.085,,0.0,0.0,0.126,0.003,0.371,0.935,18.248,0.428,16.618,0.39,4.346,0.102,6.795,0.159,,,39.453,0.001,0.028,0.067,0.025,0.005,0.013,0.022,0.007,0.03,0.007,0.095,0.024,,0.0,0.002,0.398,0.054,,0.08,0.001,0.001,0.001,0.0,39.886,15.843,,
Africa,1750,,79382032.0,,0.0,0.0,,,,,,,,,,,,,,,,,,0.0,,,,,,,,,,,,,,,,,,,,,,,,,,,,,,,,,,,,,,,,,,,,,,,,,,,,,,
Africa,1751,,,,0.0,,,,,,,,,,,,,,,,,,,0.0,,,,,,,,,,,,,,,,,,,,,,,,,,,,,,,,,,,,,,,,,,,,,,,,,,,,,,
Africa,1752,,,,0.0,,,,,,,,,,,,,,,,,,,0.0,,,,,,,,,,,,,,,,,,,,,,,,,,,,,,,,,,,,,,,,,,,,,,,,,,,,,,
Africa,1753,,,,0.0,,,,,,,,,,,,,,,,,,,0.0,,,,,,,,,,,,,,,,,,,,,,,,,,,,,,,,,,,,,,,,,,,,,,,,,,,,,,
Africa,1754,,,,0.0,,,,,,,,,,,,,,,,,,,0.0,,,,,,,,,,,,,,,,,,,,,,,,,,,,,,,,,,,,,,,,,,,,,,,,,,,,,,
Africa,1755,,,,0.0,,,,,,,,,,,,,,,,,,,0.0,,,,,,,,,,,,,,,,,,,,,,,,,,,,,,,,,,,,,,,,,,,,,,,,,,,,,,
Africa,1756,,,,0.0,,,,,,,,,,,,,,,,,,,0.0,,,,,,,,,,,,,,,,,,,,,,,,,,,,,,,,,,,,,,,,,,,,,,,,,,,,,,
Africa,1757,,,,0.0,,,,,,,,,,,,,,,,,,,0.0,,,,,,,,,,,,,,,,,,,,,,,,,,,,,,,,,,,,,,,,,,,,,,,,,,,,,,
Africa,1758,,,,0.0,,,,,,,,,,,,,,,,,,,0.0,,,,,,,,,,,,,,,,,,,,,,,,,,,,,,,,,,,,,,,,,,,,,,,,,,,,,,
Africa,1759,,,,0.0,,,,,,,,,,,,,,,,,,,0.0,,,,,,,,,,,,,,,,,,,,,,,,,,,,,,,,,,,,,,,,,,,,,,,,,,,,,,
Africa,1760,,79888176.0,,0.0,0.0,,,,,,,,,,,,,,,,,,0.0,,,,,,,,,,,,,,,,,,,,,,,,,,,,,,,,,,,,,,,,,,,,,,,,,,,,,,
Africa,1761,,,,0.0,,,,,,,,,,,,,,,,,,,0.0,,,,,,,,,,,,,,,,,,,,,,,,,,,,,,,,,,,,,,,,,,,,,,,,,,,,,,
Africa,1762,,,,0.0,,,,,,,,,,,,,,,,,,,0.0,,,,,,,,,,,,,,,,,,,,,,,,,,,,,,,,,,,,,,,,,,,,,,,,,,,,,,
Africa,1763,,,,0.0,,,,,,,,,,,,,,,,,,,0.0,,,,,,,,,,,,,,,,,,,,,,,,,,,,,,,,,,,,,,,,,,,,,,,,,,,,,,
Africa,1764,,,,0.0,,,,,,,,,,,,,,,,,,,0.0,,,,,,,,,,,,,,,,,,,,,,,,,,,,,,,,,,,,,,,,,,,,,,,,,,,,,,
Africa,1765,,,,0.0,,,,,,,,,,,,,,,,,,,0.0,,,,,,,,,,,,,,,,,,,,,,,,,,,,,,,,,,,,,,,,,,,,,,,,,,,,,,
Africa,1766,,,,0.0,,,,,,,,,,,,,,,,,,,0.0,,,,,,,,,,,,,,,,,,,,,,,,,,,,,,,,,,,,,,,,,,,,,,,,,,,,,,
Africa,1767,,,,0.0,,,,,,,,,,,,,,,,,,,0.0,,,,,,,,,,,,,,,,,,,,,,,,,,,,,,,,,,,,,,,,,,,,,,,,,,,,,,
Africa,1768,,,,0.0,,,,,,,,,,,,,,,,,,,0.0,,,,,,,,,,,,,,,,,,,,,,,,,,,,,,,,,,,,,,,,,,,,,,,,,,,,,,
Africa,1769,,,,0.0,,,,,,,,,,,,,,,,,,,0.0,,,,,,,,,,,,,,,,,,,,,,,,,,,,,,,,,,,,,,,,,,,,,,,,,,,,,,
Africa,1770,,80467736.0,,0.0,0.0,,,,,,,,,,,,,,,,,,0.0,,,,,,,,,,,,,,,,,,,,,,,,,,,,,,,,,,,,,,,,,,,,,,,,,,,,,,
Africa,1771,,,,0.0,,,,,,,,,,,,,,,,,,,0.0,,,,,,,,,,,,,,,,,,,,,,,,,,,,,,,,,,,,,,,,,,,,,,,,,,,,,,
Africa,1772,,,,0.0,,,,,,,,,,,,,,,,,,,0.0,,,,,,,,,,,,,,,,,,,,,,,,,,,,,,,,,,,,,,,,,,,,,,,,,,,,,,
Africa,1773,,,,0.0,,,,,,,,,,,,,,,,,,,0.0,,,,,,,,,,,,,,,,,,,,,,,,,,,,,,,,,,,,,,,,,,,,,,,,,,,,,,
Africa,1774,,,,0.0,,,,,,,,,,,,,,,,,,,0.0,,,,,,,,,,,,,,,,,,,,,,,,,,,,,,,,,,,,,,,,,,,,,,,,,,,,,,
Africa,1775,,,,0.0,,,,,,,,,,,,,,,,,,,0.0,,,,,,,,,,,,,,,,,,,,,,,,,,,,,,,,,,,,,,,,,,,,,,,,,,,,,,
Africa,1776,,,,0.0,,,,,,,,,,,,,,,,,,,0.0,,,,,,,,,,,,,,,,,,,,,,,,,,,,,,,,,,,,,,,,,,,,,,,,,,,,,,
Africa,1777,,,,0.0,,,,,,,,,,,,,,,,,,,0.0,,,,,,,,,,,,,,,,,,,,,,,,,,,,,,,,,,,,,,,,,,,,,,,,,,,,,,
Africa,1778,,,,0.0,,,,,,,,,,,,,,,,,,,0.0,,,,,,,,,,,,,,,,,,,,,,,,,,,,,,,,,,,,,,,,,,,,,,,,,,,,,,
Africa,1779,,,,0.0,,,,,,,,,,,,,,,,,,,0.0,,,,,,,,,,,,,,,,,,,,,,,,,,,,,,,,,,,,,,,,,,,,,,,,,,,,,,
Africa,1780,,81127312.0,,0.0,0.0,,,,,,,,,,,,,,,,,,0.0,,,,,,,,,,,,,,,,,,,,,,,,,,,,,,,,,,,,,,,,,,,,,,,,,,,,,,
Africa,1781,,,,0.0,,,,,,,,,,,,,,,,,,,0.0,,,,,,,,,,,,,,,,,,,,,,,,,,,,,,,,,,,,,,,,,,,,,,,,,,,,,,
Africa,1782,,,,0.0,,,,,,,,,,,,,,,,,,,0.0,,,,,,,,,,,,,,,,,,,,,,,,,,,,,,,,,,,,,,,,,,,,,,,,,,,,,,
Africa,1783,,,,0.0,,,,,,,,,,,,,,,,,,,0.0,,,,,,,,,,,,,,,,,,,,,,,,,,,,,,,,,,,,,,,,,,,,,,,,,,,,,,
Africa,1784,,,,0.0,,,,,,,,,,,,,,,,,,,0.0,,,,,,,,,,,,,,,,,,,,,,,,,,,,,,,,,,,,,,,,,,,,,,,,,,,,,,
Africa,1785,,,,0.0,,,,,,,,,,,,,,,,,,,0.0,,,,,,,,,,,,,,,,,,,,,,,,,,,,,,,,,,,,,,,,,,,,,,,,,,,,,,
Africa,1786,,,,0.0,,,,,,,,,,,,,,,,,,,0.0,,,,,,,,,,,,,,,,,,,,,,,,,,,,,,,,,,,,,,,,,,,,,,,,,,,,,,
Africa,1787,,,,0.0,,,,,,,,,,,,,,,,,,,0.0,,,,,,,,,,,,,,,,,,,,,,,,,,,,,,,,,,,,,,,,,,,,,,,,,,,,,,
Africa,1788,,,,0.0,,,,,,,,,,,,,,,,,,,0.0,,,,,,,,,,,,,,,,,,,,,,,,,,,,,,,,,,,,,,,,,,,,,,,,,,,,,,
Africa,1789,,,,0.0,,,,,,,,,,,,,,,,,,,0.0,,,,,,,,,,,,,,,,,,,,,,,,,,,,,,,,,,,,,,,,,,,,,,,,,,,,,,
Africa,1790,,81860944.0,,0.0,0.0,,,,,,,,,,,,,,,,,,0.0,,,,,,,,,,,,,,,,,,,,,,,,,,,,,,,,,,,,,,,,,,,,,,,,,,,,,,
Africa,1791,,,,0.0,,,,,,,,,,,,,,,,,,,0.0,,,,,,,,,,,,,,,,,,,,,,,,,,,,,,,,,,,,,,,,,,,,,,,,,,,,,,
Africa,1792,,,,0.0,,,,,,,,,,,,,,,,,,,0.0,,,,,,,,,,,,,,,,,,,,,,,,,,,,,,,,,,,,,,,,,,,,,,,,,,,,,,
Africa,1793,,,,0.0,,,,,,,,,,,,,,,,,,,0.0,,,,,,,,,,,,,,,,,,,,,,,,,,,,,,,,,,,,,,,,,,,,,,,,,,,,,,
Africa,1794,,,,0.0,,,,,,,,,,,,,,,,,,,0.0,,,,,,,,,,,,,,,,,,,,,,,,,,,,,,,,,,,,,,,,,,,,,,,,,,,,,,
Africa,1795,,,,0.0,,,,,,,,,,,,,,,,,,,0.0,,,,,,,,,,,,,,,,,,,,,,,,,,,,,,,,,,,,,,,,,,,,,,,,,,,,,,
Africa,1796,,,,0.0,,,,,,,,,,,,,,,,,,,0.0,,,,,,,,,,,,,,,,,,,,,,,,,,,,,,,,,,,,,,,,,,,,,,,,,,,,,,
Africa,1797,,,,0.0,,,,,,,,,,,,,,,,,,,0.0,,,,,,,,,,,,,,,,,,,,,,,,,,,,,,,,,,,,,,,,,,,,,,,,,,,,,,
Africa,1798,,,,0.0,,,,,,,,,,,,,,,,,,,0.0,,,,,,,,,,,,,,,,,,,,,,,,,,,,,,,,,,,,,,,,,,,,,,,,,,,,,,
Africa,1799,,,,0.0,,,,,,,,,,,,,,,,,,,0.0,,,,,,,,,,,,,,,,,,,,,,,,,,,,,,,,,,,,,,,,,,,,,,,,,,,,,,
Africa,1800,,81273172.0,,0.0,0.0,,,,,,,,,,,,,,,,,,0.0,,,,,,,,,,,,,,,,,,,,,,,,,,,,,,,,,,,,,,,,,,,,,,,,,,,,,,
Africa,1801,,81378197.0,,0.0,0.0,,,,,,,,,,,,,,,,,,0.0,,,,,,,,,,,,,,,,,,,,,,,,,,,,,,,,,,,,,,,,,,,,,,,,,,,,,,
Africa,1802,,81484588.0,,0.0,0.0,,,,,,,,,,,,,,,,,,0.0,,,,,,,,,,,,,,,,,,,,,,,,,,,,,,,,,,,,,,,,,,,,,,,,,,,,,,
Africa,1803,,81592351.0,,0.0,0.0,,,,,,,,,,,,,,,,,,0.0,,,,,,,,,,,,,,,,,,,,,,,,,,,,,,,,,,,,,,,,,,,,,,,,,,,,,,
Africa,1804,,81701503.0,,0.0,0.0,,,,,,,,,,,,,,,,,,0.0,,,,,,,,,,,,,,,,,,,,,,,,,,,,,,,,,,,,,,,,,,,,,,,,,,,,,,
Africa,1805,,81812061.0,,0.0,0.0,,,,,,,,,,,,,,,,,,0.0,,,,,,,,,,,,,,,,,,,,,,,,,,,,,,,,,,,,,,,,,,,,,,,,,,,,,,
Africa,1806,,81924029.0,,0.0,0.0,,,,,,,,,,,,,,,,,,0.0,,,,,,,,,,,,,,,,,,,,,,,,,,,,,,,,,,,,,,,,,,,,,,,,,,,,,,
Africa,1807,,82037425.0,,0.0,0.0,,,,,,,,,,,,,,,,,,0.0,,,,,,,,,,,,,,,,,,,,,,,,,,,,,,,,,,,,,,,,,,,,,,,,,,,,,,
Africa,1808,,82152271.0,,0.0,0.0,,,,,,,,,,,,,,,,,,0.0,,,,,,,,,,,,,,,,,,,,,,,,,,,,,,,,,,,,,,,,,,,,,,,,,,,,,,
Africa,1809,,82268577.0,,0.0,0.0,,,,,,,,,,,,,,,,,,0.0,,,,,,,,,,,,,,,,,,,,,,,,,,,,,,,,,,,,,,,,,,,,,,,,,,,,,,
Africa,1810,,82387585.0,,0.0,0.0,,,,,,,,,,,,,,,,,,0.0,,,,,,,,,,,,,,,,,,,,,,,,,,,,,,,,,,,,,,,,,,,,,,,,,,,,,,
Africa,1811,,82515959.0,,0.0,0.0,,,,,,,,,,,,,,,,,,0.0,,,,,,,,,,,,,,,,,,,,,,,,,,,,,,,,,,,,,,,,,,,,,,,,,,,,,,
Africa,1812,,82655601.0,,0.0,0.0,,,,,,,,,,,,,,,,,,0.0,,,,,,,,,,,,,,,,,,,,,,,,,,,,,,,,,,,,,,,,,,,,,,,,,,,,,,
Africa,1813,,82806647.0,,0.0,0.0,,,,,,,,,,,,,,,,,,0.0,,,,,,,,,,,,,,,,,,,,,,,,,,,,,,,,,,,,,,,,,,,,,,,,,,,,,,
Africa,1814,,82969493.0,,0.0,0.0,,,,,,,,,,,,,,,,,,0.0,,,,,,,,,,,,,,,,,,,,,,,,,,,,,,,,,,,,,,,,,,,,,,,,,,,,,,
Africa,1815,,83144278.0,,0.0,0.0,,,,,,,,,,,,,,,,,,0.0,,,,,,,,,,,,,,,,,,,,,,,,,,,,,,,,,,,,,,,,,,,,,,,,,,,,,,
Africa,1816,,83331163.0,,0.0,0.0,,,,,,,,,,,,,,,,,,0.0,,,,,,,,,,,,,,,,,,,,,,,,,,,,,,,,,,,,,,,,,,,,,,,,,,,,,,
Africa,1817,,83530303.0,,0.0,0.0,,,,,,,,,,,,,,,,,,0.0,,,,,,,,,,,,,,,,,,,,,,,,,,,,,,,,,,,,,,,,,,,,,,,,,,,,,,
Africa,1818,,83741849.0,,0.0,0.0,,,,,,,,,,,,,,,,,,0.0,,,,,,,,,,,,,,,,,,,,,,,,,,,,,,,,,,,,,,,,,,,,,,,,,,,,,,
Africa,1819,,84037482.0,,0.0,0.0,,,,,,,,,,,,,,,,,,0.0,,,,,,,,,,,,,,,,,,,,,,,,,,,,,,,,,,,,,,,,,,,,,,,,,,,,,,
Africa,1820,,84418699.0,,0.0,0.0,,,,,,,,,,,,,,,,,,0.0,,,,,,,,,,,,,,,,,,,,,,,,,,,,,,,,,,,,,,,,,,,,,,,,,,,,,,
Africa,1821,,84896601.0,,0.0,0.0,,,,,,,,,,,,,,,,,,0.0,,,,,,,,,,,,,,,,,,,,,,,,,,,,,,,,,,,,,,,,,,,,,,,,,,,,,,
Africa,1822,,85462636.0,,0.0,0.0,,,,,,,,,,,,,,,,,,0.0,,,,,,,,,,,,,,,,,,,,,,,,,,,,,,,,,,,,,,,,,,,,,,,,,,,,,,
Africa,1823,,86142885.0,,0.0,0.0,,,,,,,,,,,,,,,,,,0.0,,,,,,,,,,,,,,,,,,,,,,,,,,,,,,,,,,,,,,,,,,,,,,,,,,,,,,
Africa,1824,,86843609.0,,0.0,0.0,,,,,,,,,,,,,,,,,,0.0,,,,,,,,,,,,,,,,,,,,,,,,,,,,,,,,,,,,,,,,,,,,,,,,,,,,,,
Africa,1825,,87565137.0,,0.0,0.0,,,,,,,,,,,,,,,,,,0.0,,,,,,,,,,,,,,,,,,,,,,,,,,,,,,,,,,,,,,,,,,,,,,,,,,,,,,
Africa,1826,,88307785.0,,0.0,0.0,,,,,,,,,,,,,,,,,,0.0,,,,,,,,,,,,,,,,,,,,,,,,,,,,,,,,,,,,,,,,,,,,,,,,,,,,,,
Africa,1827,,89071893.0,,0.0,0.0,,,,,,,,,,,,,,,,,,0.0,,,,,,,,,,,,,,,,,,,,,,,,,,,,,,,,,,,,,,,,,,,,,,,,,,,,,,
Africa,1828,,89857801.0,,0.0,0.0,,,,,,,,,,,,,,,,,,0.0,,,,,,,,,,,,,,,,,,,,,,,,,,,,,,,,,,,,,,,,,,,,,,,,,,,,,,
Africa,1829,,90666142.0,,0.0,0.0,,,,,,,,,,,,,,,,,,0.0,,,,,,,,,,,,,,,,,,,,,,,,,,,,,,,,,,,,,,,,,,,,,,,,,,,,,,
Africa,1830,,91497291.0,,0.0,0.0,,,,,,,,,,,,,,,,,,0.0,,,,,,,,,,,,,,,,,,,,,,,,,,,,,,,,,,,,,,,,,,,,,,,,,,,,,,
Africa,1831,,92352331.0,,0.0,0.0,,,,,,,,,,,,,,,,,,0.0,,,,,,,,,,,,,,,,,,,,,,,,,,,,,,,,,,,,,,,,,,,,,,,,,,,,,,
Africa,1832,,93221742.0,,0.0,0.0,,,,,,,,,,,,,,,,,,0.0,,,,,,,,,,,,,,,,,,,,,,,,,,,,,,,,,,,,,,,,,,,,,,,,,,,,,,
Africa,1833,,94105808.0,,0.0,0.0,,,,,,,,,,,,,,,,,,0.0,,,,,,,,,,,,,,,,,,,,,,,,,,,,,,,,,,,,,,,,,,,,,,,,,,,,,,
Africa,1834,,95004472.0,,0.0,0.0,,,,,,,,,,,,,,,,,,0.0,,,,,,,,,,,,,,,,,,,,,,,,,,,,,,,,,,,,,,,,,,,,,,,,,,,,,,
Africa,1835,,95918027.0,,0.0,0.0,,,,,,,,,,,,,,,,,,0.0,,,,,,,,,,,,,,,,,,,,,,,,,,,,,,,,,,,,,,,,,,,,,,,,,,,,,,
Africa,1836,,96846733.0,,0.0,0.0,,,,,,,,,,,,,,,,,,0.0,,,,,,,,,,,,,,,,,,,,,,,,,,,,,,,,,,,,,,,,,,,,,,,,,,,,,,
Africa,1837,,97790863.0,,0.0,0.0,,,,,,,,,,,,,,,,,,0.0,,,,,,,,,,,,,,,,,,,,,,,,,,,,,,,,,,,,,,,,,,,,,,,,,,,,,,
Africa,1838,,98750710.0,,0.0,0.0,,,,,,,,,,,,,,,,,,0.0,,,,,,,,,,,,,,,,,,,,,,,,,,,,,,,,,,,,,,,,,,,,,,,,,,,,,,
Africa,1839,,99745866.0,,0.0,0.0,,,,,,,,,,,,,,,,,,0.0,,,,,,,,,,,,,,,,,,,,,,,,,,,,,,,,,,,,,,,,,,,,,,,,,,,,,,
Africa,1840,,100777177.0,,0.0,0.0,,,,,,,,,,,,,,,,,,0.0,,,,,,,,,,,,,,,,,,,,,,,,,,,,,,,,,,,,,,,,,,,,,,,,,,,,,,
Africa,1841,,101844538.0,,0.0,0.0,,,,,,,,,,,,,,,,,,0.0,,,,,,,,,,,,,,,,,,,,,,,,,,,,,,,,,,,,,,,,,,,,,,,,,,,,,,
Africa,1842,,102949818.0,,0.0,0.0,,,,,,,,,,,,,,,,,,0.0,,,,,,,,,,,,,,,,,,,,,,,,,,,,,,,,,,,,,,,,,,,,,,,,,,,,,,
Africa,1843,,104093942.0,,0.0,0.0,,,,,,,,,,,,,,,,,,0.0,,,,,,,,,,,,,,,,,,,,,,,,,,,,,,,,,,,,,,,,,,,,,,,,,,,,,,
Africa,1844,,105258529.0,,0.0,0.0,,,,,,,,,,,,,,,,,,0.0,,,,,,,,,,,,,,,,,,,,,,,,,,,,,,,,,,,,,,,,,,,,,,,,,,,,,,
Africa,1845,,106444013.0,,0.0,0.0,,,,,,,,,,,,,,,,,,0.0,,,,,,,,,,,,,,,,,,,,,,,,,,,,,,,,,,,,,,,,,,,,,,,,,,,,,,
Africa,1846,,107650802.0,,0.0,0.0,,,,,,,,,,,,,,,,,,0.0,,,,,,,,,,,,,,,,,,,,,,,,,,,,,,,,,,,,,,,,,,,,,,,,,,,,,,
Africa,1847,,108879329.0,,0.0,0.0,,,,,,,,,,,,,,,,,,0.0,,,,,,,,,,,,,,,,,,,,,,,,,,,,,,,,,,,,,,,,,,,,,,,,,,,,,,
Africa,1848,,110130035.0,,0.0,0.0,,,,,,,,,,,,,,,,,,0.0,,,,,,,,,,,,,,,,,,,,,,,,,,,,,,,,,,,,,,,,,,,,,,,,,,,,,,
Africa,1849,,111271621.0,,0.0,0.0,,,,,,,,,,,,,,,,,,0.0,,,,,,,,,,,,,,,,,,,,,,,,,,,,,,,,,,,,,,,,,,,,,,,,,,,,,,
Africa,1850,,112301163.0,,0.0,0.0,,,,,,,,,,,,,,,,,,0.0,,,,,,428.479,,,,,,,,,0.18,3.231,428.479,3.819,71.47,0.636,10.865,0.097,,,,,,,,,,,,,,,,15.788,,,,,15.788,,,,,,,,362.797,20.206,,
Africa,1851,,112964625.0,,0.0,0.0,,,,,,,,,,,,,,,,,,0.0,,,,,,933.223,,,,,,,,,0.18,3.573,504.744,4.473,71.875,0.636,11.072,0.098,,,,,,,,,,,,,,,,16.861,,,,,17.894,,,9.153,0.0,0.0,0.0,0.0,403.622,20.333,,
Africa,1852,,113506374.0,,0.0,0.0,,,,,,,,,,,,,,,,,,0.0,,,,,,1483.899,,,,,,,,,0.181,3.771,550.676,4.857,72.318,0.637,11.273,0.099,,,,,,,,,,,,,,,,17.556,,,,,18.876,,,9.331,0.0,0.0,0.0,0.0,428.084,20.497,,
Africa,1853,,113925748.0,,0.0,0.0,,,,,,,,,,,,,,,,,,0.0,,,,,,2069.388,,,,,,,,,0.181,3.888,585.489,5.145,72.762,0.639,11.467,0.101,,,,,,,,,,,,,,,,18.172,,,,,19.945,,,9.484,0.0,0.0,0.001,0.0,442.943,20.661,,
Africa,1854,,114348862.0,,0.0,0.0,,,,,,,,,,,,,,,,,,0.0,,,,,,2672.971,,,,,,,,,0.182,3.922,603.583,5.285,73.206,0.64,11.651,0.102,,,,,,,,,,,,,,,,18.61,,,,,20.285,,,9.536,0.0,0.001,0.001,0.0,448.518,20.825,,
Africa,1855,,114775726.0,,0.0,0.0,,,,,,,,,,,,,,,,,,0.0,,,,,,3299.655,,,,,,,,,0.183,4.033,626.684,5.467,73.651,0.642,11.82,0.103,,,,,,,,,,,,,,,,18.973,,,,,20.698,,,9.609,0.0,0.001,0.001,0.0,462.913,20.989,,
Africa,1856,,115206465.0,,0.0,0.0,,,,,,,,,,,,,,,,,,0.0,,,,,,3936.513,,,,,,,,,0.183,4.052,636.858,5.535,74.052,0.643,11.972,0.104,,,,,,,,,,,,,,,,19.264,,,,,20.923,,,9.661,0.0,0.001,0.001,0.0,466.841,21.107,,
Africa,1857,,115641146.0,,0.0,0.0,,,,,,,,,,,,,,,,,,0.0,,,,,,4590.141,,,,,,,,,0.184,4.134,653.628,5.66,74.498,0.644,12.105,0.105,,,,,,,,,,,,,,,,19.51,,,,,21.141,,,9.719,0.0,0.001,0.001,0.0,478.037,21.271,,
Africa,1858,,116079843.0,,0.0,0.0,,,,,,,,,,,,,,,,,,0.0,,,,,,5250.498,,,,,,,,,0.185,4.156,660.357,5.697,74.954,0.646,12.214,0.105,,,,,,,,,,,,,,,,19.71,,,,,21.217,,,9.771,0.0,0.001,0.002,0.0,482.47,21.442,,
Africa,1859,,116531294.0,,0.0,0.0,,,,,,,,,,,,,,,,,,0.0,,,,,,5919.449,,,,,,,,,0.185,4.181,668.951,5.749,75.41,0.647,12.298,0.106,,,,,,,,,,,,,,,,19.867,,,,,21.197,,,9.806,0.0,0.002,0.002,0.0,487.264,21.612,,
Africa,1860,,116995450.0,,0.0,0.0,,,,,,,,,,,,,,,,,,0.0,,,,,,6367.658,,,,,,,,,0.186,3.142,448.209,3.837,75.865,0.648,12.353,0.106,,,,,,,,,,,,,,,,19.478,,,,,15.477,,,9.611,0.0,0.002,0.002,0.0,367.642,21.779,,
Africa,1861,,117468679.0,,0.0,0.0,,,,,,,,,,,,,,,,,,0.0,,,,,,6741.04,,,,,,,,,0.187,2.813,373.382,3.183,76.419,0.651,12.39,0.105,,,,,,,,,,,,,,,,19.012,,,,,13.496,,,9.397,0.0,0.002,0.002,0.0,330.485,21.965,,
Africa,1862,,117954363.0,,0.0,0.0,,,,,,,,,,,,,,,,,,0.0,,,,,,7068.779,,,,,,,,,0.188,2.614,327.739,2.783,76.973,0.653,12.422,0.105,,,,,,,,,,,,,,,,18.529,,,,,12.173,,,9.188,0.0,0.002,0.002,0.0,308.316,22.151,,
Africa,1863,,118452604.0,,0.0,0.0,,,,,,,,,,,,,,,,,,0.0,,,,,,7368.273,,,,,,,,,0.192,2.512,299.494,2.532,77.904,0.658,12.45,0.105,,,,,,,,,,,,,,,,18.054,,,,,11.247,,,8.992,0.0,0.002,0.002,0.0,297.508,22.714,,
Africa,1864,,118954681.0,,0.0,0.0,,,,,,,,,,,,,,,,,,0.0,,,,,,7653.533,,,,,,,,,0.193,2.461,285.26,2.402,78.459,0.66,12.477,0.105,,,,,,,,,,,,,,,,17.595,,,,,10.618,,,8.807,0.0,0.002,0.002,0.0,292.765,22.9,,
Africa,1865,,119460616.0,,0.0,0.0,,,,,,,,,,,,,,,,,,0.0,,,,,,7926.523,,,,,,,,,0.193,2.414,272.991,2.289,79.019,0.661,12.502,0.105,,,,,,,,,,,,,,,,17.191,,,,,10.466,,,8.646,0.0,0.002,0.003,0.0,288.381,23.091,,
Africa,1866,,119970440.0,,0.0,0.0,,,,,,,,,,,,,,,,,,0.0,,,,,,8192.884,,,,,,,,,0.194,2.386,266.36,2.224,79.529,0.663,12.528,0.104,,,,,,,,,,,,,,,,16.813,,,,,10.163,,,8.496,0.0,0.002,0.003,0.0,286.223,23.233,,
Africa,1867,,120484192.0,,0.0,0.0,,,,,,,,,,,,,,,,,,0.0,,,,,,8453.805,,,,,,,,,0.194,2.364,260.922,2.169,80.084,0.665,12.554,0.104,,,,,,,,,,,,,,,,16.478,,,,,10.133,,,8.364,0.0,0.002,0.003,0.0,284.788,23.419,,
Africa,1868,,121001894.0,,0.0,0.0,,,,,,,,,,,,,,,,,,0.0,,,,,,8706.907,,,,,,,,,0.195,2.323,253.102,2.095,80.663,0.667,12.584,0.104,,,,,,,,,,,,,,,,16.164,,,,,9.874,,,8.241,0.0,0.002,0.003,0.0,281.061,23.63,,
Africa,1869,,121535848.0,,0.0,0.0,,,,,,,,,,,,,,,,,,0.0,,,,,,8957.452,,,,,,,,,0.196,2.301,250.546,2.065,81.225,0.668,12.617,0.104,,,,,,,,,,,,,,,,15.876,,,,,9.802,,,8.127,0.0,0.002,0.003,0.0,279.664,23.824,,
Africa,1870,,122086255.0,,0.0,0.0,,,,,,,,,,,,,,,,,,0.0,,,,,,9224.205,,,,,,,,,0.197,2.396,266.752,2.188,81.788,0.67,12.655,0.104,,,,,,,,,,,,,,,,15.546,,,,,9.162,,,8.006,0.001,0.003,0.003,0.0,292.472,24.019,,
Africa,1871,,122649582.0,,0.0,0.0,,,,,,,,,,,,,,,,,,0.0,,,,,,9499.007,,,,,,,,,0.2,2.447,274.802,2.244,82.728,0.675,12.848,0.105,,,,,,,,,,,,,,,,15.24,,,,,9.169,,,7.893,0.001,0.003,0.003,0.0,300.074,24.536,,
Africa,1872,,123231396.0,,0.0,0.0,,,,,,,,,,,,,,,,,,0.0,,,,,,9779.354,,,,,,,,,0.199,2.479,280.347,2.278,83.112,0.674,13.306,0.108,,,,,,,,,,,,,,,,14.933,,,,,8.878,,,7.775,0.001,0.003,0.003,0.0,305.521,24.513,,
Africa,1873,,123830278.0,,0.0,0.0,,,,,,,,,,,,,,,,,,0.0,,,,,,10070.957,,,,,,,,,0.2,2.548,291.603,2.358,83.757,0.676,13.966,0.113,,,,,,,,,,,,,,,,14.66,,,,,9.087,,,7.668,0.001,0.003,0.004,0.0,315.566,24.764,,
Africa,1874,,124434132.0,,0.0,0.0,,,,,,,,,,,,,,,,,,0.0,,,,,,10358.519,,,,,,,,,0.201,2.517,287.562,2.314,84.404,0.678,14.769,0.119,,,,,,,,,,,,,,,,14.385,,,,,8.686,,,7.567,0.001,0.003,0.004,0.0,313.195,25.024,,
Africa,1875,,125042995.0,,0.0,0.0,,,,,,,,,,,,,,,,,,0.0,,,,,,10646.257,,,,,,,,,0.202,2.53,287.738,2.305,85.054,0.68,15.652,0.125,,,,,,,,,,,,,,,,14.131,,,,,8.635,,,7.47,0.001,0.003,0.004,0.0,316.344,25.291,,
Africa,1876,,125656913.0,,0.0,0.0,,,,,,,,,,,,,,,,,,0.0,,,,,,10943.35,,,,,,,,,0.203,2.584,297.093,2.368,85.713,0.682,16.555,0.132,,,,,,,,,,,,,,,,13.9,,,,,8.77,,,7.384,0.001,0.003,0.004,0.0,324.706,25.569,,
Africa,1877,,126275921.0,,0.0,0.0,,,,,,,,,,,,,,,,,,0.0,,,,,,11248.334,,,,,,,,,0.205,2.625,304.984,2.419,86.378,0.684,17.416,0.138,,,,,,,,,,,,,,,,13.683,,,,,8.772,,,7.304,0.001,0.003,0.004,0.0,331.448,25.851,,
Africa,1878,,126900066.0,,0.0,0.0,,,,,,,,,,,,,,,,,,0.0,,,,,,11545.965,,,,,,,,,0.206,2.579,297.63,2.349,87.051,0.686,18.174,0.143,,,,,,,,,,,,,,,,13.467,,,,,8.428,,,7.222,0.001,0.003,0.004,0.0,327.248,26.134,,
Africa,1879,,127539564.0,,0.0,0.0,,,,,,,,,,,,,,,,,,0.0,,,,,,11843.612,,,,,,,,,0.207,2.582,297.648,2.337,87.73,0.688,18.768,0.147,,,,,,,,,,,,,,,,13.259,,,,,8.294,,,7.142,0.001,0.003,0.004,0.0,329.343,26.414,,
Africa,1880,,128194527.0,,0.0,0.0,,,,,,,,,,,,,,,,,,0.0,,,,,,12137.695,,,,,,,,,0.208,2.542,294.083,2.297,88.414,0.69,19.136,0.149,,,,,,0.0,,,,0.0,,,,,,13.059,,,,,8.117,,,7.057,0.001,0.004,0.005,0.0,325.882,26.686,,
Africa,1881,,128863890.0,,0.0,0.0,,,,,,,,,,,,,,,,,,0.0,,,,,,12421.375,,,,,,,,,0.209,2.482,283.68,2.204,89.115,0.692,19.353,0.15,,,,,,0.0,,,,0.0,,,,,,12.865,,,,,7.872,,,6.972,0.001,0.004,0.005,0.0,319.891,26.951,,
Africa,1882,,129548955.0,,0.0,0.0,,,,,,,,,,,,,,,,,,0.0,,,,,,12701.634,,,,,,,,,0.21,2.459,280.259,2.166,89.82,0.693,19.537,0.151,,,,,,0.0,,,,0.0,,,,,,12.672,,,,,7.608,,,6.885,0.001,0.004,0.005,0.0,318.574,27.218,,
Africa,1883,,130249836.0,,0.0,0.0,,,,,,,,,,,,,,,,,,0.0,,,,,,12981.763,,,,,,,,,0.211,2.443,280.13,2.154,90.528,0.695,19.696,0.151,,,,,,0.0,,,,0.0,,,,,,12.485,,,,,7.482,,,6.797,0.001,0.004,0.005,0.0,318.25,27.486,,
Africa,1884,,130956522.0,,0.0,0.0,0.022,,,15.875,,,0.121,,,0.0,,,0.022,0.0,,,,0.0,0.022,15.875,0.022,,0.0,13259.14,0.0,,,,,,0.0,0.0,0.212,2.436,277.377,2.121,91.215,0.697,19.836,0.151,0.0,0.0,,,,0.0,0.002,0.334,0.002,0.0,0.0,0.013,0.0,,0.0,12.308,0.0,,,0.0,7.398,0.0,,6.715,0.001,0.004,0.005,0.0,318.951,27.755,,
Africa,1885,,131669056.0,,0.0,0.0,0.037,0.015,66.667,15.408,-0.467,-2.94,0.117,,,0.0,,,0.037,0.0,,,,0.0,0.059,31.283,0.059,,0.0,13535.361,0.0,,,,,,0.0,0.0,0.213,2.417,276.221,2.101,91.939,0.698,19.962,0.152,0.0,0.0,,,,0.0,0.004,0.323,0.004,0.0,0.0,0.024,0.0,,0.0,12.141,0.0,,,0.0,7.356,0.0,,6.638,0.001,0.004,0.005,0.0,318.295,28.052,,
Africa,1886,,132387485.0,,0.0,0.0,0.048,0.011,30.0,15.089,-0.32,-2.075,0.114,,,0.0,,,0.048,0.0,,,,0.0,0.106,46.372,0.106,,0.0,13816.554,0.0,,,,,,0.0,0.0,0.214,2.436,281.193,2.127,92.663,0.7,20.083,0.152,0.0,0.0,,,,0.0,0.005,0.315,0.005,0.0,0.0,0.034,0.0,,0.0,11.99,0.0,,,0.0,7.498,0.0,,6.568,0.001,0.004,0.005,0.0,322.458,28.345,,
Africa,1887,,133111879.0,,0.0,0.0,0.048,0.0,0.0,14.856,-0.233,-1.541,0.112,,,0.0,,,0.048,0.0,,,,0.0,0.154,61.228,0.154,,0.0,14089.011,0.0,,,,,,0.0,0.0,0.215,2.369,272.457,2.05,93.369,0.701,20.203,0.152,0.0,0.0,,,,0.0,0.004,0.304,0.005,0.0,0.001,0.044,0.001,,0.0,11.835,0.0,,,0.0,7.153,0.0,,6.494,0.001,0.004,0.006,0.0,315.364,28.609,,
Africa,1888,,133842280.0,,0.0,0.0,0.081,0.033,69.231,14.662,-0.194,-1.303,0.11,,,0.001,,,0.081,0.001,,,,0.0,0.234,75.89,0.234,,0.0,14370.396,0.0,,,,,,0.0,0.0,0.216,2.421,281.385,2.105,94.081,0.703,20.331,0.152,0.0,0.0,,,,0.0,0.007,0.293,0.007,0.0,0.001,0.052,0.001,,0.0,11.698,0.0,,,0.0,7.404,0.0,,6.423,0.001,0.004,0.006,0.0,324.018,28.913,,
Africa,1889,,134489847.0,,0.0,0.0,0.132,0.051,63.636,14.548,-0.114,-0.777,0.108,,,0.001,,,0.132,0.001,,,,0.0,0.366,90.439,0.366,,0.0,14645.241,0.0,,,,,,0.0,0.0,0.217,2.376,274.846,2.046,94.796,0.705,20.471,0.152,0.0,0.0,,,,0.0,0.011,0.289,0.011,0.0,0.001,0.06,0.001,,0.0,11.561,0.0,,,0.0,7.167,0.0,,6.353,0.001,0.004,0.006,0.0,319.54,29.239,,
Africa,1890,,135054738.0,,0.0,0.0,0.297,0.165,125.0,19.113,4.565,31.375,0.142,,,0.002,,,0.297,0.002,,,,0.0,0.663,109.552,0.663,,0.0,14855.858,0.0,,,,,,0.0,0.0,0.22,2.042,210.617,1.561,95.507,0.707,21.443,0.159,0.0,0.0,,,,0.0,0.023,0.352,0.024,0.0,0.002,0.07,0.002,,0.0,11.358,0.0,,,0.0,5.117,0.0,,6.252,0.001,0.004,0.006,0.0,275.723,29.738,,
Africa,1891,,135539040.0,,0.0,0.0,0.297,0.0,0.0,21.245,2.132,11.153,0.157,,,0.002,,,0.297,0.002,,,,0.0,0.96,130.797,0.96,,0.0,15033.578,0.0,,,,,,0.0,0.0,0.222,1.862,177.72,1.313,96.271,0.71,21.653,0.16,0.0,0.0,,,,0.0,0.022,0.381,0.022,0.0,0.003,0.081,0.003,,0.0,11.136,0.0,,,0.0,4.225,0.0,,6.142,0.001,0.004,0.006,0.0,252.435,30.037,,
Africa,1892,,135941070.0,,0.0,0.0,0.48,0.183,61.728,22.853,1.609,7.571,0.168,,,0.004,,,0.48,0.004,,,,0.0,1.44,153.65,1.44,,0.0,15188.731,0.0,,,,,,0.0,0.0,0.225,1.752,155.154,1.143,97.054,0.714,21.873,0.161,0.0,0.0,,,,0.0,0.035,0.411,0.036,0.0,0.004,0.092,0.005,,0.0,10.913,0.0,,,0.0,3.71,0.0,,6.034,0.001,0.005,0.006,0.0,238.141,30.539,,
Africa,1893,,136260909.0,,0.0,0.0,1.799,1.319,274.809,25.183,2.329,10.192,0.185,,,0.013,,,1.799,0.013,,,,0.0,3.239,178.833,3.239,,0.0,15328.891,0.0,,,,,,0.0,0.0,0.237,1.696,140.159,1.03,97.939,0.719,22.103,0.162,0.0,0.0,,,,0.0,0.132,0.451,0.137,0.0,0.01,0.104,0.01,,0.0,10.689,0.0,,,0.0,3.322,0.0,,5.931,0.001,0.005,0.006,0.0,231.106,32.28,,
Africa,1894,,136587590.0,,0.0,0.0,2.433,0.634,35.234,26.489,1.306,5.188,0.194,,,0.018,,,2.433,0.018,,,,0.0,5.672,205.322,5.672,,0.0,15454.749,0.0,,,,,,0.0,0.0,0.244,1.638,125.858,0.923,98.768,0.723,22.343,0.164,0.0,0.0,,,,0.0,0.172,0.463,0.178,0.0,0.016,0.115,0.017,,0.0,10.463,0.0,,,0.0,2.924,0.0,,5.826,0.001,0.005,0.006,0.0,223.72,33.281,,
Africa,1895,,136921163.0,,0.0,0.0,3.338,0.905,37.199,28.019,1.53,5.776,0.205,,,0.024,,,3.338,0.024,,,,0.0,9.01,233.341,9.01,,0.0,15571.499,0.0,,,,,,0.0,0.0,0.253,1.604,116.75,0.854,99.624,0.728,22.591,0.165,0.0,0.0,,,,0.0,0.223,0.484,0.232,0.0,0.025,0.127,0.025,,0.0,10.245,0.0,,,0.0,2.721,0.0,,5.724,0.001,0.005,0.006,0.0,219.554,34.583,,
Africa,1896,,137261683.0,,0.0,0.0,4.258,0.92,27.552,29.415,1.396,4.983,0.215,,,0.031,,,4.258,0.031,,,,0.0,13.267,262.756,13.267,,0.0,15674.159,0.0,,,,,,0.0,0.0,0.261,1.532,102.66,0.749,100.444,0.732,22.848,0.166,0.0,0.0,,,,0.0,0.275,0.503,0.287,0.0,0.035,0.139,0.036,,0.0,10.028,0.0,,,0.0,2.385,0.0,,5.623,0.001,0.005,0.007,0.0,210.3,35.865,,
Africa,1897,,137609187.0,,0.0,0.0,4.778,0.52,12.22,30.283,0.868,2.949,0.22,,,0.035,,,4.778,0.035,,,,0.0,18.045,293.039,18.045,,0.0,15770.307,0.0,,,,,,0.0,0.0,0.267,1.511,96.148,0.7,101.231,0.736,23.113,0.168,0.0,0.0,,,,0.0,0.295,0.505,0.307,0.0,0.046,0.15,0.047,,0.0,9.815,0.0,,,0.0,2.197,0.0,,5.522,0.001,0.005,0.007,0.0,207.867,36.716,,
Africa,1898,,137963724.0,,0.0,0.0,6.049,1.271,26.61,31.891,1.608,5.311,0.231,,,0.044,,,6.049,0.044,,,,0.0,24.094,324.93,24.094,,0.0,15859.904,0.0,,,,,,0.0,0.0,0.278,1.487,89.598,0.65,102.082,0.74,23.386,0.17,0.0,0.0,,,,0.0,0.354,0.523,0.369,0.0,0.058,0.161,0.06,,0.0,9.608,0.0,,,0.0,2.04,0.0,,5.424,0.002,0.005,0.007,0.0,205.211,38.383,,
Africa,1899,,138345391.0,,0.0,0.0,5.518,-0.531,-8.783,31.704,-0.187,-0.587,0.229,,,0.04,,,5.518,0.04,,,,0.0,29.612,356.633,29.612,,0.0,15942.658,0.0,,,,,,0.0,0.0,0.275,1.451,82.754,0.599,102.784,0.743,23.667,0.171,0.0,0.0,,,,0.0,0.296,0.504,0.308,0.0,0.069,0.171,0.07,,0.0,9.406,0.0,,,0.0,1.869,0.0,,5.324,0.002,0.005,0.007,0.0,200.732,38.1,,
Africa,1900,,138755559.0,,0.0,0.0,2.33,-3.188,-57.769,30.603,-1.101,-3.473,0.221,,,0.017,,,2.33,0.017,,,,0.0,31.943,387.236,31.943,,0.0,16037.939,0.0,,,,,,0.0,0.0,0.253,1.491,95.281,0.688,103.371,0.745,23.954,0.173,0.0,0.0,,,,0.0,0.119,0.476,0.124,0.0,0.071,0.181,0.072,,0.0,9.22,0.0,,,0.0,2.136,0.0,,5.23,0.002,0.005,0.007,0.0,206.879,35.048,,
Africa,1901,,139195205.0,,0.0,0.0,3.909,1.579,67.767,33.384,2.781,9.087,0.24,,,0.028,,,3.909,0.028,,,,0.0,35.852,420.62,35.852,,0.0,16134.52,0.0,,,,,,0.0,0.0,0.268,1.507,96.58,0.695,104.471,0.751,24.241,0.174,0.0,0.0,,,,0.0,0.193,0.505,0.202,0.0,0.076,0.19,0.078,,0.0,9.037,0.0,,,0.0,2.106,0.0,,5.138,0.002,0.005,0.007,0.0,209.741,37.355,,
Africa,1902,,139666271.0,,0.0,0.0,5.826,1.916,49.016,36.15,2.766,8.285,0.259,,,0.042,,,5.826,0.042,,,,0.0,41.678,456.77,41.678,,0.0,16231.57,0.0,,,,,,0.0,0.0,0.286,1.517,97.05,0.696,105.543,0.756,24.526,0.176,0.0,0.0,,,,0.0,0.28,0.539,0.294,0.0,0.085,0.201,0.087,,0.0,8.862,0.0,,,0.0,2.097,0.0,,5.051,0.002,0.005,0.007,0.0,211.842,39.979,,
Africa,1903,,140170120.0,,0.0,0.0,7.896,2.07,35.535,41.653,5.503,15.222,0.298,,,0.056,,,7.896,0.056,,,,0.0,49.574,498.422,49.574,,0.0,16322.046,0.0,,,,,,0.0,0.0,0.305,1.501,90.476,0.646,106.541,0.76,24.815,0.177,0.0,0.0,,,,0.0,0.349,0.601,0.365,0.0,0.096,0.212,0.099,,0.0,8.69,0.0,,,0.0,1.94,0.0,,4.965,0.002,0.005,0.007,0.0,210.372,42.686,,
Africa,1904,,140688001.0,,0.0,0.0,8.911,1.015,12.854,43.343,1.69,4.058,0.308,,,0.063,,,8.911,0.063,,,,0.0,58.485,541.765,58.485,,0.0,16414.52,0.0,,,,,,0.0,0.0,0.315,1.544,92.473,0.658,107.484,0.764,25.113,0.178,0.0,0.0,,,,0.0,0.389,0.614,0.41,0.0,0.109,0.224,0.112,,0.0,8.522,0.0,,,0.0,1.938,0.0,,4.883,0.002,0.005,0.007,0.0,217.222,44.287,,
Africa,1905,,141220048.0,,0.0,0.0,10.263,1.352,15.173,45.215,1.872,4.318,0.321,,,0.073,,,10.263,0.073,,,,0.0,68.748,586.98,68.748,,0.0,16500.922,0.0,,,,,,0.0,0.0,0.327,1.52,86.403,0.613,108.434,0.768,25.426,0.18,0.0,0.0,,,,0.0,0.421,0.624,0.442,0.0,0.122,0.236,0.126,,0.0,8.359,0.0,,,0.0,1.799,0.0,,4.801,0.002,0.005,0.007,0.0,214.62,46.234,,
Africa,1906,,141766391.0,,0.0,0.0,11.717,1.455,14.174,47.028,1.813,4.009,0.332,,,0.083,,,11.717,0.083,,,,0.0,80.465,634.008,80.465,,0.0,16583.039,0.0,,,,,,0.0,0.0,0.342,1.533,82.119,0.58,109.573,0.773,25.761,0.182,0.0,0.0,,,,0.0,0.46,0.634,0.483,0.0,0.137,0.247,0.141,,0.0,8.198,0.0,,,0.0,1.686,0.0,,4.722,0.002,0.005,0.007,0.0,217.385,48.472,,
Africa,1907,,142327180.0,,0.0,0.0,12.93,1.213,10.35,48.593,1.565,3.328,0.342,,,0.091,,,12.93,0.091,,,,0.0,93.395,682.6,93.395,,0.0,16662.004,0.0,,,,,,0.0,0.0,0.354,1.521,78.964,0.556,110.624,0.777,26.123,0.184,0.0,0.0,,,,0.0,0.445,0.625,0.469,0.0,0.151,0.258,0.156,,0.0,8.043,0.0,,,0.0,1.62,0.0,,4.64,0.002,0.005,0.008,0.0,216.546,50.379,,
Africa,1908,,142902543.0,,0.0,0.0,13.403,0.473,3.655,49.442,0.849,1.747,0.346,,,0.094,,,13.403,0.094,,,,0.0,106.798,732.042,106.798,,0.0,16737.691,0.0,,,,,,0.0,0.0,0.36,1.508,75.687,0.53,111.622,0.781,26.519,0.186,0.0,0.0,,,,0.0,0.48,0.641,0.509,0.0,0.166,0.269,0.171,,0.0,7.892,0.0,,,0.0,1.538,0.0,,4.565,0.002,0.005,0.008,0.0,215.472,51.489,,
Africa,1909,,143483346.0,,0.0,0.0,15.385,1.982,14.789,51.714,2.272,4.596,0.361,,,0.107,,,15.385,0.107,,,,0.0,122.183,783.756,122.183,,0.0,16809.049,0.0,,,,,,0.0,0.0,0.378,1.516,71.356,0.498,112.756,0.786,26.955,0.188,0.0,0.0,,,,0.0,0.529,0.654,0.561,0.0,0.181,0.28,0.187,,0.0,7.743,0.0,,,0.0,1.427,0.0,,4.491,0.002,0.005,0.008,0.0,217.516,54.238,,
Africa,1910,,144068383.0,,0.0,0.0,17.411,2.026,13.17,53.577,1.863,3.603,0.372,,,0.121,,,17.411,0.121,,,,0.0,139.595,837.333,139.595,,0.0,16880.012,0.0,,,,,,0.0,0.0,0.396,1.542,70.964,0.493,113.866,0.79,27.436,0.19,0.0,0.0,,,,0.0,0.571,0.683,0.606,0.0,0.198,0.291,0.205,,0.0,7.608,0.0,,,0.0,1.479,0.0,,4.424,0.002,0.005,0.008,0.0,222.113,57.0,,
Africa,1911,,144655670.0,,0.0,0.0,16.865,-0.546,-3.136,54.309,0.732,1.366,0.376,,,0.117,,,16.854,0.117,,,,0.0,156.46,891.641,156.449,,0.0,16948.58,0.011,,,,,,0.0,0.0,0.396,1.536,68.567,0.475,115.605,0.799,28.116,0.194,0.011,0.0,,,,0.0,0.545,0.691,0.579,0.0,0.213,0.302,0.22,,0.0,7.478,0.001,,,0.0,1.439,0.007,,4.36,0.002,0.005,0.008,0.001,222.135,57.254,,
Africa,1912,,145245400.0,,0.0,0.0,17.954,1.088,6.452,55.508,1.2,2.209,0.383,,,0.124,,,17.869,0.123,,,,0.0,174.414,947.15,174.318,,0.0,17026.781,0.095,,,,,,0.0,0.0,0.408,1.62,78.202,0.539,117.499,0.809,29.106,0.2,0.084,0.001,,,,0.0,0.552,0.701,0.584,0.0,0.227,0.312,0.235,,0.0,7.361,0.004,,,0.0,1.676,0.054,,4.302,0.002,0.005,0.008,0.001,235.273,59.297,,
Africa,1913,,145835662.0,,0.0,0.0,19.606,1.652,9.204,57.31,1.802,3.246,0.393,1.472,,0.135,0.504,,19.566,0.134,,,,0.0,194.02,1004.459,193.884,,0.0,17100.311,0.136,,,,,,0.0,0.0,0.425,1.617,73.53,0.505,119.437,0.819,30.353,0.208,0.04,0.0,,,,0.0,0.556,0.704,0.592,0.0,0.242,0.322,0.251,,0.0,7.248,0.006,,,0.0,1.591,0.022,,4.245,0.002,0.005,0.008,0.001,235.841,61.944,,
Africa,1914,,146434524.0,,0.0,0.0,19.551,-0.055,-0.28,57.227,-0.083,-0.145,0.391,,,0.134,,,19.243,0.132,,,,0.0,213.571,1061.686,213.128,,0.0,17173.408,0.443,,,,,,0.0,0.0,0.427,1.649,73.096,0.5,121.048,0.827,31.8,0.217,0.308,0.002,,,,0.0,0.611,0.731,0.648,0.0,0.256,0.332,0.265,,0.0,7.139,0.017,,,0.0,1.58,0.165,,4.197,0.002,0.005,0.008,0.001,241.433,62.556,,
Africa,1915,,147042086.0,,0.0,0.0,19.606,0.055,0.281,104.127,46.9,81.954,0.709,,,0.133,,,19.514,0.133,,,,0.0,233.177,1165.813,232.642,,0.0,17244.74,0.535,,,,,,0.0,0.0,0.43,1.655,71.332,0.486,122.663,0.834,33.394,0.227,0.092,0.001,,,,0.0,0.623,1.352,0.671,0.0,0.269,0.356,0.279,,0.0,7.036,0.019,,,0.0,1.567,0.046,,4.153,0.002,0.005,0.008,0.001,243.351,63.28,,
Africa,1916,,147658424.0,,0.0,0.0,23.255,3.649,18.613,113.926,9.799,9.411,0.772,,,0.158,,,23.072,0.156,,,,0.0,256.432,1279.739,255.714,,0.0,17324.195,0.718,,,,,,0.0,0.0,0.46,1.773,79.457,0.539,124.65,0.844,35.078,0.238,0.183,0.001,,,,0.0,0.684,1.435,0.736,0.0,0.285,0.382,0.296,,0.0,6.939,0.024,,,0.0,1.75,0.085,,4.114,0.002,0.005,0.008,0.001,261.787,67.971,,
Africa,1917,,148283643.0,,0.0,0.0,25.344,2.088,8.981,116.638,2.711,2.38,0.788,,,0.171,,,24.919,0.168,,,,0.0,281.776,1396.377,280.633,,0.0,17402.514,1.143,,,,,,0.0,0.0,0.479,1.802,78.318,0.529,126.539,0.853,36.799,0.248,0.425,0.003,,,,0.0,0.713,1.455,0.763,0.0,0.301,0.407,0.313,,0.0,6.849,0.036,,,0.0,1.756,0.178,,4.076,0.002,0.006,0.009,0.001,267.24,71.003,,
Africa,1918,,148892208.0,,0.0,0.0,24.725,-0.619,-2.443,115.858,-0.78,-0.668,0.779,,,0.166,,,23.856,0.16,,,,0.0,306.501,1512.234,304.489,,0.0,17482.68,2.012,,,,,,0.0,0.0,0.479,1.831,80.165,0.539,128.358,0.862,38.502,0.259,0.868,0.006,,,,0.0,0.705,1.462,0.742,0.0,0.316,0.431,0.328,,0.0,6.763,0.058,,,0.0,1.815,0.354,,4.044,0.003,0.006,0.009,0.001,272.611,71.257,,
Africa,1919,,149751440.0,,0.0,0.0,25.443,0.718,2.905,114.578,-1.28,-1.105,0.766,,,0.17,,,24.751,0.165,,,,0.0,331.944,1626.812,329.24,,0.0,17559.178,2.703,,,,,,0.0,0.0,0.485,1.834,76.497,0.511,129.926,0.868,40.13,0.268,0.692,0.005,,,,0.0,0.837,1.543,0.91,0.0,0.332,0.454,0.344,,0.0,6.679,0.072,,,0.0,1.744,0.253,,4.021,0.003,0.006,0.009,0.001,274.649,72.598,,
Africa,1920,,150865200.0,,0.0,0.0,28.052,2.609,10.253,142.575,27.997,24.435,0.946,,,0.186,,,27.594,0.183,,,,0.0,359.995,1769.387,356.834,,0.0,17858.758,3.161,,,,,,0.0,0.0,0.503,2.857,299.583,1.988,131.621,0.872,41.631,0.276,0.458,0.003,,,,0.0,0.791,1.713,0.881,0.0,0.347,0.482,0.361,,0.0,6.672,0.077,,,0.0,6.272,0.127,,4.022,0.003,0.006,0.009,0.001,430.969,75.96,,
Africa,1921,,152239781.0,,0.0,0.0,27.986,-0.066,-0.235,173.455,30.88,21.659,1.141,,,0.184,,,27.425,0.18,,,,0.0,387.981,1942.842,384.259,,0.0,18274.646,3.722,,,,,,0.0,0.0,0.503,3.395,415.887,2.735,133.342,0.876,43.166,0.284,0.561,0.004,,,,0.0,0.898,2.141,1.026,0.0,0.363,0.518,0.379,,0.0,6.702,0.083,,,0.0,8.342,0.141,,4.044,0.003,0.006,0.009,0.001,516.884,76.505,,
Africa,1922,,153876862.0,,0.0,0.0,23.97,-4.016,-14.349,187.639,14.184,8.178,1.221,,,0.156,,,23.435,0.152,,,,0.0,411.951,2130.481,407.694,,0.0,18766.287,4.256,,,,,,0.0,0.0,0.474,3.67,491.64,3.199,134.914,0.877,44.884,0.292,0.534,0.003,,,,0.0,0.734,2.255,0.845,0.0,0.374,0.556,0.391,,0.0,6.757,0.086,,,0.0,9.723,0.122,,4.071,0.003,0.006,0.01,0.001,564.724,72.95,,
Africa,1923,,155780482.0,,0.0,0.0,29.045,5.075,21.171,208.518,20.879,11.127,1.34,,,0.187,,,28.572,0.184,,,,0.0,440.995,2339.0,436.266,,0.0,19319.188,4.729,,,,,,0.0,0.0,0.508,3.937,552.902,3.553,137.174,0.881,46.706,0.3,0.473,0.003,,,,0.0,0.784,2.351,0.907,0.0,0.388,0.597,0.406,,0.0,6.829,0.087,,,0.0,10.698,0.097,,4.101,0.003,0.006,0.01,0.001,613.277,79.174,,
Africa,1924,,157712366.0,,0.0,0.0,30.631,1.587,5.462,219.986,11.468,5.5,1.397,,,0.194,,,30.126,0.191,,,,0.0,471.626,2558.986,466.392,,0.0,19910.799,5.234,,,,,,0.0,0.0,0.518,4.048,591.611,3.756,139.215,0.883,48.555,0.308,0.505,0.003,,,,0.0,0.824,2.491,0.955,0.0,0.401,0.638,0.422,,0.0,6.913,0.089,,,0.0,11.569,0.104,,4.135,0.003,0.006,0.01,0.001,638.49,81.691,,
Africa,1925,,159672951.0,,0.0,0.0,32.185,1.554,5.072,232.738,12.751,5.796,1.459,,,0.202,,,31.624,0.198,,,,0.0,503.811,2791.724,498.016,,0.0,20545.537,5.795,,,,,,0.0,0.0,0.527,4.24,634.739,3.98,141.17,0.884,50.351,0.315,0.561,0.004,,,,0.0,0.86,2.589,1.003,0.0,0.416,0.681,0.438,,0.0,7.006,0.09,,,0.0,12.093,0.111,,4.174,0.003,0.007,0.01,0.001,676.983,84.09,,
Africa,1926,,161662674.0,,0.0,0.0,34.438,2.253,7.001,246.191,13.453,5.78,1.525,,,0.213,,,33.903,0.21,,,,0.0,538.249,3037.915,531.919,,0.0,21215.514,6.33,,,,,,0.0,0.0,0.54,4.36,669.978,4.149,143.229,0.886,52.015,0.322,0.535,0.003,,,,0.0,0.936,2.753,1.099,0.0,0.431,0.725,0.456,,0.0,7.107,0.092,,,0.0,12.722,0.106,,4.217,0.003,0.007,0.011,0.001,704.92,87.293,,
Africa,1927,,163681990.0,,0.0,0.0,33.841,-0.597,-1.734,276.094,29.903,12.146,1.689,,,0.207,,,33.269,0.203,,,,0.0,572.09,3314.009,565.189,,0.0,21913.029,6.901,,,,,,0.0,0.0,0.537,4.434,697.513,4.266,145.561,0.889,53.471,0.327,0.572,0.003,,,,0.0,0.843,2.974,0.989,0.0,0.444,0.774,0.471,,0.0,7.213,0.092,,,0.0,13.232,0.103,,4.259,0.003,0.007,0.011,0.001,725.837,87.92,,
Africa,1928,,165731367.0,,0.127,0.001,34.77,0.93,2.747,293.498,17.404,6.304,1.773,,,0.21,,,33.815,0.204,,,,0.127,606.86,3607.507,599.004,,0.0,22636.611,7.729,,,,,,0.0,0.0,0.541,4.527,723.584,4.371,147.491,0.89,54.638,0.33,0.828,0.005,,,,0.358,0.87,3.148,1.022,0.049,0.457,0.825,0.485,,0.0,7.323,0.096,,,0.0,13.584,0.146,,4.304,0.003,0.007,0.012,0.001,750.329,89.676,,
Africa,1929,,167813287.0,,0.366,0.002,35.802,1.031,2.966,301.275,7.777,2.65,1.797,,,0.214,,,34.59,0.206,,,,0.493,642.662,3908.782,633.594,,0.0,23383.504,8.575,,,,,,0.0,0.0,0.546,4.617,746.894,4.456,149.447,0.891,55.438,0.33,0.846,0.005,,,,0.992,0.835,3.115,0.982,0.167,0.468,0.874,0.499,,0.0,7.435,0.099,,,0.0,13.876,0.136,,4.347,0.003,0.008,0.012,0.001,774.791,91.56,,
Africa,1930,,169928217.0,,0.261,0.002,33.696,-2.106,-5.882,318.475,17.2,5.709,1.876,,,0.199,,,32.555,0.192,,,,0.754,676.357,4227.257,666.148,,0.0,24165.852,9.455,,,,,,0.0,0.0,0.529,4.667,782.345,4.609,150.971,0.888,55.794,0.328,0.88,0.005,,,,0.734,0.851,3.389,1.012,0.228,0.479,0.926,0.512,,0.0,7.553,0.102,,,0.0,14.386,0.147,,4.394,0.003,0.008,0.012,0.001,793.093,89.878,,
Africa,1931,,172076932.0,,0.266,0.002,29.464,-4.232,-12.559,326.637,8.162,2.563,1.9,,,0.171,,,28.307,0.165,,,,1.02,705.821,4553.895,694.455,,0.0,24970.133,10.345,,,,,,0.0,0.0,0.5,4.697,804.283,4.679,152.563,0.887,55.729,0.324,0.89,0.005,,,,0.861,0.832,3.604,0.999,0.282,0.488,0.978,0.522,,0.0,7.672,0.105,,,0.0,14.559,0.153,,4.445,0.004,0.008,0.013,0.001,808.328,85.958,,
Africa,1932,,174259628.0,,0.432,0.002,26.623,-2.841,-9.642,332.169,5.532,1.693,1.908,,,0.153,,,25.355,0.146,,,,1.453,732.444,4886.063,719.81,,0.0,25795.713,11.181,,,,,,0.0,0.0,0.48,4.711,825.579,4.743,154.368,0.886,55.372,0.318,0.835,0.005,,,,1.751,0.834,3.793,1.005,0.376,0.495,1.03,0.531,,0.0,7.793,0.108,,,0.0,14.834,0.15,,4.499,0.004,0.008,0.013,0.001,820.884,83.697,,
Africa,1933,,176476818.0,,0.464,0.003,28.491,1.868,7.018,398.785,66.617,20.055,2.262,,,0.162,,,27.29,0.155,,,,1.917,760.935,5284.848,747.1,,0.0,26644.643,11.917,,,,,,0.0,0.0,0.491,4.768,848.93,4.816,156.632,0.888,54.8,0.311,0.736,0.004,,,,1.948,0.847,4.489,1.034,0.468,0.503,1.094,0.541,,0.0,7.917,0.108,,,0.0,15.377,0.121,,4.553,0.004,0.009,0.013,0.001,841.428,86.655,,
Africa,1934,,178726971.0,,0.534,0.003,32.539,4.048,14.208,412.761,13.976,3.505,2.312,,,0.182,,,31.324,0.175,,,,2.452,793.474,5697.609,778.424,,0.0,27505.172,12.599,,,,,,0.0,0.0,0.515,4.784,860.529,4.821,159.04,0.89,54.094,0.303,0.682,0.004,,,,1.874,0.89,4.472,1.087,0.559,0.512,1.157,0.552,,0.0,8.039,0.108,,,0.0,15.437,0.106,,4.602,0.004,0.009,0.014,0.001,855.041,91.975,,
Africa,1935,,181010603.0,,0.61,0.003,35.91,3.37,10.358,421.611,8.851,2.144,2.332,,,0.199,,,34.743,0.192,,,,3.061,829.384,6119.22,813.167,,0.0,28382.133,13.156,,,,,,0.0,0.0,0.534,4.829,876.961,4.851,161.42,0.892,53.329,0.295,0.557,0.003,,,,1.902,0.936,4.511,1.159,0.651,0.522,1.219,0.565,,0.0,8.164,0.107,,,0.0,15.911,0.08,,4.65,0.004,0.009,0.014,0.001,874.016,96.618,,
Africa,1936,,183328236.0,,0.691,0.004,39.016,3.106,8.651,379.884,-41.727,-9.897,2.075,,,0.213,,,37.765,0.206,,,,3.752,868.4,6499.105,850.932,,0.0,29271.619,13.716,,,,,,0.0,0.0,0.551,4.873,889.487,4.858,165.238,0.901,52.585,0.287,0.561,0.003,,,,1.783,0.927,3.856,1.149,0.737,0.533,1.27,0.578,,0.0,8.286,0.105,,,0.0,15.758,0.074,,4.695,0.004,0.01,0.015,0.001,893.279,100.998,,
Africa,1937,,185680386.0,,0.727,0.004,41.844,2.828,7.249,391.154,11.27,2.967,2.109,,,0.226,,,40.582,0.219,,,,4.479,910.244,6890.259,891.514,,0.0,30180.125,14.251,,,,,,0.0,0.0,0.568,4.918,908.505,4.899,169.372,0.912,51.94,0.28,0.535,0.003,,,,1.782,0.931,3.864,1.171,0.814,0.544,1.321,0.591,,0.0,8.409,0.102,,,0.0,16.149,0.063,,4.74,0.004,0.01,0.015,0.001,913.216,105.379,,
Africa,1938,,188067589.0,,0.75,0.004,44.013,2.169,5.183,396.572,5.418,1.385,2.111,,,0.234,,,42.56,0.227,,,,5.229,954.257,7286.831,934.074,,0.0,31101.699,14.955,,,,,,0.0,0.0,0.58,4.934,921.575,4.906,173.541,0.923,51.472,0.274,0.703,0.004,,,,1.947,1.041,4.008,1.317,0.888,0.556,1.371,0.607,,0.0,8.531,0.101,,,0.0,16.265,0.085,,4.787,0.004,0.01,0.016,0.001,927.929,109.088,,
Africa,1939,,190609541.0,,0.73,0.004,46.853,2.84,6.452,404.407,7.835,1.976,2.124,,,0.246,,,43.957,0.231,,,,5.959,1001.11,7691.238,978.031,,0.11,32027.119,17.01,,,,,,0.11,0.001,0.603,4.949,925.419,4.861,179.279,0.941,51.259,0.269,2.056,0.011,,,,2.047,1.048,4.002,1.279,0.955,0.568,1.42,0.621,,0.005,8.651,0.109,,,0.078,16.421,0.241,,4.832,0.004,0.011,0.016,0.001,943.3,114.98,,
Africa,1940,,193310936.0,,0.653,0.003,49.649,2.796,5.968,465.508,61.101,15.109,2.411,,,0.257,,,46.039,0.238,,,,6.612,1050.759,8156.746,1024.07,,0.202,33142.289,19.876,,,,,,0.092,0.0,0.616,5.537,1115.172,5.776,183.331,0.948,51.379,0.266,2.865,0.015,,,,2.078,1.016,4.38,1.213,1.008,0.58,1.477,0.635,,0.008,8.816,0.12,,,0.06,19.417,0.318,,4.889,0.005,0.011,0.017,0.001,1070.443,119.077,,
Africa,1941,,196179605.0,,0.72,0.004,54.023,4.374,8.81,565.579,100.071,21.497,2.886,,,0.276,,,49.442,0.252,,,,7.331,1104.783,8722.324,1073.512,,0.3,34366.012,23.639,,,,,,0.099,0.001,0.639,5.908,1223.722,6.245,188.313,0.96,56.1,0.286,3.763,0.019,,,,1.662,1.081,5.193,1.272,1.049,0.594,1.548,0.65,,0.011,9.0,0.136,,,0.064,20.772,0.412,,4.953,0.005,0.011,0.017,0.001,1159.069,125.285,,
Africa,1942,,199217448.0,,0.77,0.004,58.823,4.799,8.884,594.741,29.162,5.156,2.989,,,0.296,,,54.304,0.273,,,,8.102,1163.605,9317.064,1127.816,,0.407,35653.477,27.281,,,,,,0.106,0.001,0.663,6.144,1287.464,6.47,193.554,0.972,68.387,0.343,3.642,0.018,,,,2.008,1.181,5.462,1.389,1.099,0.609,1.623,0.667,,0.014,9.195,0.149,,,0.064,21.802,0.422,,5.024,0.005,0.012,0.018,0.001,1223.976,132.178,,
Africa,1943,,202429522.0,,0.809,0.004,60.12,1.297,2.204,619.567,24.826,4.174,3.064,,,0.297,,,55.237,0.273,,,,8.91,1223.725,9936.632,1183.053,,0.524,37006.406,31.238,,,,,,0.117,0.001,0.668,6.38,1352.928,6.692,198.445,0.98,86.363,0.427,3.957,0.02,,,,2.326,1.185,5.648,1.407,1.154,0.624,1.698,0.684,,0.017,9.401,0.163,,,0.064,22.953,0.427,,5.101,0.005,0.012,0.018,0.001,1291.488,135.204,,
Africa,1944,,205701844.0,,0.969,0.005,66.633,6.513,10.834,566.837,-52.73,-8.511,2.759,,,0.324,,,61.371,0.299,,,,9.879,1290.358,10503.469,1244.423,,0.655,38390.062,35.4,,,,,,0.131,0.001,0.701,6.523,1383.658,6.735,204.059,0.992,108.152,0.526,4.162,0.02,,,,4.275,1.291,5.158,1.586,1.243,0.641,1.762,0.704,,0.02,9.61,0.175,,,0.066,23.749,0.389,,5.182,0.005,0.013,0.019,0.001,1341.849,144.143,,
Africa,1945,,209035596.0,,0.937,0.004,67.527,0.894,1.342,651.779,84.942,14.985,3.122,,,0.323,,,62.303,0.298,,,,10.816,1357.885,11155.248,1306.727,,0.79,39802.121,39.552,,,,,,0.136,0.001,0.701,6.649,1412.059,6.763,208.811,0.999,131.878,0.631,4.151,0.02,,,,4.077,1.574,6.42,2.077,1.323,0.661,1.84,0.727,,0.023,9.82,0.185,,,0.063,24.083,0.397,,5.273,0.005,0.013,0.02,0.001,1389.98,146.564,,
Africa,1946,,212431972.0,,1.144,0.005,68.159,0.632,0.936,590.367,-61.412,-9.422,2.782,,,0.321,,,62.938,0.297,,,,11.961,1426.045,11745.615,1369.664,,0.925,41246.973,43.494,,,,,,0.135,0.001,0.701,6.815,1444.849,6.81,213.85,1.007,155.665,0.733,3.942,0.019,,,,3.152,1.479,5.657,1.945,1.4,0.679,1.904,0.748,,0.025,10.032,0.194,,,0.06,24.793,0.356,,5.364,0.005,0.014,0.02,0.001,1447.719,148.957,,
Africa,1947,,215892204.0,,1.281,0.006,67.935,-0.225,-0.33,683.973,93.606,15.856,3.172,,,0.315,,,62.415,0.289,,,,13.241,1493.979,12429.589,1432.079,,1.061,42725.715,47.598,,,,,,0.136,0.001,0.694,6.958,1478.743,6.858,218.385,1.012,177.635,0.823,4.104,0.019,,,,2.969,1.315,6.25,1.723,1.476,0.694,1.98,0.767,,0.027,10.247,0.201,,,0.055,25.592,0.329,,5.453,0.006,0.014,0.021,0.001,1502.1,149.925,,
Africa,1948,,219417536.0,,1.424,0.006,71.733,3.798,5.591,769.942,85.969,12.569,3.513,,,0.327,,,64.359,0.294,,,,14.666,1565.713,13199.531,1496.438,,1.2,44214.41,53.409,,,,,,0.139,0.001,0.711,6.996,1488.697,6.793,224.184,1.022,195.914,0.893,5.811,0.027,,,,2.758,1.317,6.891,1.72,1.546,0.709,2.066,0.786,,0.029,10.461,0.213,,,0.049,26.005,0.424,,5.542,0.006,0.015,0.022,0.002,1535.081,156.103,,
Africa,1949,,223283534.0,,1.532,0.007,77.324,5.59,7.793,793.506,23.563,3.06,3.558,,,0.347,,,68.58,0.308,,,,16.198,1643.036,13993.036,1565.019,0.0,1.339,45717.98,60.48,,,,0.0,0.0,0.14,0.001,0.735,7.024,1503.567,6.742,230.215,1.031,208.624,0.934,7.072,0.032,,,,2.632,1.486,7.288,1.933,1.608,0.727,2.154,0.807,,0.03,10.673,0.23,,,0.047,26.456,0.547,,5.635,0.006,0.015,0.023,0.002,1568.438,164.216,,
Africa,1950,,227776838.0,,2.014,0.009,94.751,17.427,22.538,1750.405,956.9,120.591,7.694,5.69,,0.416,0.308,,68.866,0.303,,,,18.212,1737.787,15743.441,1633.885,0.0,1.343,47389.531,84.347,,,,0.0,0.0,0.004,0.0,0.929,7.718,1671.554,7.348,263.896,1.159,213.89,0.939,23.867,0.105,,,,3.011,1.598,13.909,1.775,1.696,0.749,2.377,0.826,0.0,0.028,10.894,0.302,,0.0,0.001,25.121,1.538,,5.745,0.006,0.016,0.024,0.002,1758.008,211.71,,
Africa,1951,,232557370.0,,2.269,0.01,101.052,6.301,6.65,1798.121,47.715,2.726,7.742,5.585,,0.435,0.314,,72.676,0.313,,,,20.481,1838.839,17541.562,1706.561,0.0,1.347,49106.562,110.451,,,,0.0,0.0,0.004,0.0,0.958,7.794,1717.031,7.393,273.667,1.177,212.619,0.914,26.104,0.112,,,,2.995,1.583,13.242,1.779,1.781,0.772,2.595,0.845,0.0,0.026,11.105,0.373,,0.0,0.001,23.856,1.518,,5.849,0.006,0.016,0.025,0.002,1812.64,222.898,,
Africa,1952,,237539910.0,,2.327,0.01,110.274,9.222,9.126,1856.187,58.067,3.229,7.824,5.556,,0.465,0.33,,79.331,0.334,,,,22.808,1949.113,19397.748,1785.892,0.0,1.354,50872.594,139.059,,,,0.0,0.0,0.007,0.0,0.981,7.749,1766.028,7.444,279.691,1.177,207.596,0.874,28.608,0.121,,,,2.882,1.705,13.53,1.968,1.854,0.796,2.813,0.867,0.0,0.024,11.319,0.442,,0.0,0.002,24.355,1.573,,5.951,0.007,0.017,0.026,0.002,1840.792,233.045,,
Africa,1953,,242685417.0,,2.637,0.011,111.985,1.711,1.552,1922.408,66.221,3.568,7.932,5.552,,0.462,0.323,,79.031,0.326,,,,25.445,2061.098,21320.156,1864.923,0.0,1.369,52702.688,169.361,,,,0.0,0.0,0.015,0.0,1.001,7.76,1830.095,7.551,293.138,1.208,199.76,0.823,30.302,0.125,,,,2.945,1.684,13.698,1.946,1.928,0.82,3.03,0.888,0.0,0.022,11.536,0.507,,0.0,0.003,24.786,1.564,,6.053,0.007,0.018,0.027,0.002,1883.315,242.888,,
Africa,1954,,248006203.0,,3.041,0.012,117.518,5.533,4.941,1995.504,73.095,3.802,8.057,5.5,,0.474,0.324,,81.751,0.33,,,,28.486,2178.615,23315.66,1946.674,0.0,1.391,54599.922,202.065,,,,0.0,0.0,0.022,0.0,1.021,7.822,1897.235,7.66,303.572,1.224,190.05,0.766,32.704,0.132,,,,3.131,1.731,13.671,2.017,2.01,0.844,3.246,0.909,0.0,0.021,11.751,0.57,,0.0,0.004,24.302,1.592,,6.154,0.007,0.018,0.028,0.002,1939.954,253.321,,
Africa,1955,,253538234.0,,3.409,0.013,129.395,11.877,10.107,2088.945,93.442,4.683,8.25,5.571,,0.511,0.345,,91.668,0.362,,,,31.894,2308.01,25404.605,2038.342,0.0,1.413,56578.77,236.362,,,,0.0,0.0,0.022,0.0,1.067,7.945,1978.847,7.816,314.68,1.241,179.404,0.708,34.297,0.135,,,,3.173,1.738,13.531,2.09,2.092,0.869,3.463,0.933,0.0,0.019,11.971,0.626,,0.0,0.004,24.754,1.491,,6.252,0.008,0.019,0.029,0.002,2014.385,270.545,,
Africa,1956,,259271764.0,,3.517,0.014,135.095,5.7,4.405,2166.892,77.947,3.731,8.369,5.567,,0.522,0.347,,95.583,0.369,,,,35.411,2443.106,27571.498,2133.925,0.0,1.442,58630.105,272.328,,,,0.0,0.0,0.029,0.0,1.089,7.97,2051.338,7.923,326.733,1.26,168.762,0.651,35.966,0.139,,,,3.019,1.704,13.554,2.074,2.158,0.893,3.678,0.957,0.0,0.018,12.197,0.677,,0.0,0.005,25.449,1.439,,6.348,0.008,0.02,0.03,0.002,2066.442,282.298,,
Africa,1957,,265129059.0,,3.681,0.014,141.586,6.49,4.804,2256.08,89.188,4.116,8.521,5.582,,0.535,0.35,,99.292,0.375,,,,39.092,2584.692,29827.578,2233.217,0.0,1.464,60764.027,310.919,,,,0.0,0.0,0.022,0.0,1.112,8.068,2133.919,8.06,338.904,1.278,159.061,0.6,38.591,0.146,,,,3.006,1.73,13.701,2.116,2.217,0.917,3.893,0.98,0.0,0.017,12.427,0.726,,0.0,0.003,25.771,1.477,,6.444,0.008,0.02,0.031,0.002,2139.031,294.703,,
Africa,1958,,271042090.0,,3.989,0.015,148.671,7.085,5.004,2361.048,104.968,4.653,8.723,5.718,,0.549,0.36,,103.144,0.381,,,,43.081,2733.363,32188.625,2336.361,0.0,1.482,62996.348,352.439,,,,0.0,0.0,0.018,0.0,1.131,8.161,2232.321,8.248,350.073,1.292,151.242,0.558,41.52,0.153,,,,3.075,1.766,14.198,2.166,2.276,0.942,4.112,1.005,0.0,0.016,12.671,0.774,,0.0,0.003,27.182,1.527,,6.541,0.009,0.021,0.032,0.002,2212.045,306.425,,
Africa,1959,,277271946.0,,4.189,0.015,147.841,-0.83,-0.558,2437.382,76.334,3.233,8.803,5.606,,0.534,0.34,,101.676,0.367,,,,47.27,2881.204,34626.008,2438.037,0.0,1.517,65298.184,394.381,,,,0.0,0.0,0.035,0.0,1.144,8.202,2301.833,8.314,368.544,1.329,146.242,0.527,41.942,0.151,,,,2.884,1.67,13.89,2.052,2.319,0.964,4.327,1.027,0.0,0.015,12.908,0.814,,0.0,0.005,26.48,1.447,,6.634,0.009,0.022,0.034,0.002,2274.322,317.236,,
Africa,1960,,283922294.0,,4.399,0.016,156.571,8.73,5.905,2428.917,-8.465,-0.347,8.567,5.349,,0.552,0.345,,103.526,0.365,,,,51.669,3037.775,37054.922,2541.562,0.0,1.564,67584.305,442.979,,,,0.0,0.0,0.047,0.0,1.213,8.19,2286.125,8.064,394.188,1.388,145.001,0.511,48.599,0.171,,,,2.795,1.668,14.29,2.007,2.353,0.985,4.534,1.047,0.0,0.015,13.162,0.859,,0.0,0.006,30.039,1.558,,6.734,0.01,0.023,0.035,0.003,2325.321,344.427,,
Africa,1961,,290814089.0,,4.3,0.015,161.994,5.424,3.464,1947.881,-481.035,-19.805,6.708,4.199,,0.558,0.349,,105.003,0.362,,,,55.97,3199.769,39002.805,2646.565,0.0,2.062,69379.32,495.172,,,,0.0,0.0,0.498,0.002,1.304,7.05,1795.008,6.182,436.941,1.502,157.282,0.541,52.193,0.18,,,,2.62,1.721,11.428,2.124,2.372,1.007,4.675,1.069,0.0,0.018,13.313,0.902,,0.0,0.056,23.525,1.577,,6.816,0.01,0.023,0.036,0.003,2050.37,379.302,,
Africa,1962,,297959970.0,,4.461,0.015,166.335,4.341,2.679,1792.558,-155.323,-7.974,6.025,3.727,,0.559,0.346,,106.669,0.359,,,,60.431,3366.104,40795.367,2753.234,0.0,2.802,71016.539,549.638,,,,0.0,0.0,0.74,0.002,1.282,6.422,1637.224,5.503,438.876,1.473,159.404,0.535,54.465,0.183,,,,2.529,1.706,10.616,2.164,2.383,1.028,4.792,1.09,0.0,0.022,13.443,0.94,,0.0,0.076,22.935,1.531,,6.882,0.011,0.024,0.037,0.003,1913.453,382.084,,
Africa,1963,,305371364.0,,4.798,0.016,176.335,10.0,6.012,1608.786,-183.772,-10.252,5.276,3.116,,0.578,0.342,,109.187,0.358,,,,65.229,3542.439,42404.152,2862.42,1.147,3.52,72457.695,610.123,,,,1.147,0.004,0.718,0.002,1.339,5.983,1441.158,4.727,458.455,1.501,162.01,0.531,60.485,0.198,,,,2.58,1.718,9.342,2.138,2.396,1.049,4.883,1.111,0.092,0.026,13.538,0.98,,1.267,0.069,20.726,1.59,,6.938,0.011,0.025,0.038,0.003,1826.928,408.884,,
Africa,1964,,313056695.0,,5.318,0.017,193.639,17.304,9.813,1501.238,-107.548,-6.685,4.803,2.757,,0.619,0.356,,115.604,0.37,,,,70.547,3736.078,43905.387,2978.025,3.024,4.971,73772.242,679.512,,,,1.877,0.006,1.451,0.005,1.356,5.697,1314.549,4.205,461.707,1.475,165.381,0.528,69.389,0.222,,,,2.58,1.789,8.586,2.218,2.409,1.072,4.956,1.133,0.222,0.034,13.614,1.024,,1.664,0.126,19.738,1.691,,6.984,0.012,0.025,0.04,0.003,1783.422,424.399,,
Africa,1965,,320995365.0,,5.691,0.018,213.634,19.995,10.326,1375.227,-126.011,-8.394,4.291,2.399,2815.221,0.667,0.373,437.33,124.891,0.39,,,,76.238,3949.713,45280.617,3102.916,7.972,7.093,74946.594,755.493,,2228.255,,4.948,0.015,2.123,0.007,1.499,5.504,1174.348,3.664,503.276,1.568,169.311,0.527,75.982,0.237,,,715.26,2.63,1.889,7.771,2.361,2.424,1.097,5.011,1.157,0.535,0.044,13.67,1.068,,3.793,0.172,18.391,1.723,,7.031,0.012,0.026,0.041,0.003,1766.789,481.098,,
Africa,1966,,329207333.0,,5.841,0.018,221.082,7.448,3.486,1302.189,-73.039,-5.311,3.962,2.211,2572.939,0.673,0.375,436.827,123.844,0.377,,,,82.079,4170.795,46582.805,3226.76,13.165,9.453,76037.68,839.337,,2275.611,,5.193,0.016,2.36,0.007,1.697,5.48,1091.083,3.319,577.349,1.754,171.551,0.521,83.844,0.255,,,749.148,2.507,1.864,7.324,2.315,2.43,1.122,5.056,1.18,0.805,0.054,13.721,1.111,,3.592,0.176,18.439,1.762,,7.094,0.013,0.026,0.042,0.003,1803.94,558.827,,
Africa,1967,,337767952.0,,5.964,0.018,237.045,15.963,7.22,1317.333,15.144,1.163,3.906,2.195,2600.203,0.703,0.395,467.889,127.101,0.377,,,,88.044,4407.84,47900.137,3353.861,33.928,11.772,77130.688,920.235,,2241.25,,20.763,0.062,2.319,0.007,1.77,5.503,1093.013,3.241,607.182,1.798,176.525,0.523,80.898,0.24,,,757.023,2.486,1.937,7.125,2.416,2.434,1.148,5.096,1.203,1.858,0.063,13.763,1.142,,10.883,0.162,17.487,1.594,,7.161,0.014,0.026,0.044,0.003,1858.846,597.955,,
Africa,1968,,346674276.0,,6.745,0.019,257.271,20.226,8.533,1332.365,15.032,1.141,3.849,2.122,2478.252,0.743,0.41,478.535,132.504,0.383,,,,94.788,4665.111,49232.504,3486.365,63.596,14.136,78216.195,1006.226,,2307.071,,29.668,0.086,2.364,0.007,1.654,5.304,1085.499,3.136,568.24,1.639,180.783,0.521,85.991,0.248,,,799.802,2.642,1.994,6.928,2.491,2.447,1.175,5.133,1.227,3.132,0.069,13.801,1.168,,14.557,0.152,17.156,1.555,,7.207,0.015,0.027,0.045,0.003,1838.814,573.451,,
Africa,1969,,355911162.0,,7.696,0.022,277.717,20.445,7.947,1374.123,41.758,3.134,3.867,2.027,2548.267,0.782,0.41,515.017,135.191,0.38,,,,102.484,4942.828,50606.625,3621.556,101.922,17.026,79321.852,1099.84,,2309.25,,38.326,0.108,2.89,0.008,1.879,5.473,1105.66,3.111,646.159,1.816,184.793,0.519,93.614,0.263,,,821.888,2.844,2.018,6.638,2.45,2.473,1.203,5.165,1.251,4.482,0.077,13.826,1.194,,15.705,0.169,15.93,1.566,,7.265,0.016,0.027,0.046,0.003,1947.94,668.768,,
Africa,1970,,365456903.0,,8.377,0.023,302.41,24.693,8.891,1418.786,44.663,3.25,3.888,1.928,2445.999,0.829,0.411,521.357,140.1,0.384,,,,110.861,5245.238,52025.41,3761.657,156.857,17.842,80448.734,1198.02,,2441.59,,54.935,0.151,0.816,0.002,1.901,5.609,1126.883,3.088,683.307,1.87,215.322,0.589,98.18,0.269,,,892.296,2.907,2.03,6.572,2.458,2.501,1.232,5.195,1.274,6.146,0.075,13.861,1.211,,19.779,0.046,16.845,1.444,,7.32,0.016,0.028,0.048,0.003,2049.704,694.761,,
Africa,1971,,375228323.0,,8.944,0.024,331.582,29.173,9.647,1369.095,-49.691,-3.502,3.654,1.776,2208.112,0.885,0.43,534.785,149.912,0.4,,,,119.806,5576.82,53394.504,3911.569,212.833,19.535,81495.242,1313.077,,2534.69,,55.976,0.149,1.693,0.005,1.938,5.236,1046.513,2.793,648.795,1.729,180.904,0.482,115.057,0.307,,,951.088,2.951,2.139,6.326,2.63,2.53,1.264,5.219,1.3,7.407,0.076,13.895,1.238,,17.412,0.088,17.046,1.598,,7.358,0.017,0.029,0.049,0.003,1964.841,727.161,,
Africa,1972,,385211089.0,,9.483,0.025,351.615,20.033,6.042,1351.026,-18.068,-1.32,3.513,1.681,2069.405,0.914,0.437,538.579,153.929,0.4,,,,129.288,5928.435,54745.531,4065.498,277.483,23.949,82501.18,1432.216,,2611.89,,64.65,0.168,4.414,0.011,1.984,5.169,1005.936,2.615,668.662,1.736,185.076,0.48,119.139,0.31,,,1006.129,2.952,2.167,5.961,2.705,2.557,1.296,5.235,1.326,8.616,0.086,13.913,1.258,,18.636,0.215,15.625,1.534,,7.393,0.018,0.029,0.051,0.003,1991.221,764.152,,
Africa,1973,,395717739.0,,9.996,0.025,377.704,26.089,7.42,1350.587,-0.439,-0.032,3.418,1.614,1942.775,0.956,0.451,543.315,154.292,0.391,,,,139.284,6306.139,56096.117,4219.791,357.489,29.309,83482.602,1560.266,,2757.866,,80.006,0.202,5.36,0.014,2.054,5.152,981.418,2.484,698.259,1.765,193.013,0.488,128.05,0.324,,,1091.336,2.939,2.212,5.789,2.633,2.581,1.329,5.247,1.35,9.868,0.097,13.932,1.278,,19.893,0.243,15.692,1.558,,7.427,0.019,0.03,0.052,0.004,2038.775,812.912,,
Africa,1974,,406762881.0,,10.406,0.026,388.046,10.342,2.738,1450.463,99.876,7.395,3.571,1.645,1982.939,0.955,0.44,530.501,157.244,0.387,,,,149.69,6694.185,57546.578,4377.035,438.851,34.421,84552.258,1694.188,,2819.157,,81.362,0.2,5.111,0.013,2.015,5.112,1069.66,2.634,675.762,1.661,177.111,0.435,133.922,0.33,,,1146.729,3.055,2.283,6.222,2.684,2.609,1.362,5.268,1.375,10.933,0.106,13.963,1.301,,20.788,0.227,16.944,1.654,,7.456,0.02,0.03,0.053,0.004,2079.422,819.742,,
